a26bca03,Polly Hansen,pollyhansen@xymonk.com,23,female,XYMONK,Hillsboro
c6e17493,Parks Gilliam,parksgilliam@fishland.com,34,male,FISHLAND,Mooresburg
d727fc31,Golden Powell,goldenpowell@comvey.com,31,male,COMVEY,Websterville
59263590,Parrish Pugh,parrishpugh@norali.com,39,male,NORALI,Brazos
94b91bb0,Lela Holden,lelaholden@nixelt.com,37,female,NIXELT,Caron
1eb21f2f,Patricia Johnston,patriciajohnston@fuelton.com,27,female,FUELTON,Condon
dafd78c0,Romero Lane,romerolane@xylar.com,26,male,XYLAR,Odessa
3d353c8d,Gibson Moon,gibsonmoon@atgen.com,29,male,ATGEN,Jamestown
b4fe9b85,Sullivan French,sullivanfrench@vicon.com,32,male,VICON,Umapine
d8fae05a,Roseann Arnold,roseannarnold@plutorque.com,22,female,PLUTORQUE,Shindler
17cc0fd8,Drake Aguirre,drakeaguirre@koffee.com,40,male,KOFFEE,Kapowsin
fd8e4148,Marisol Shaw,marisolshaw@peticular.com,26,female,PETICULAR,Knowlton
e29bdc75,Helen Garza,helengarza@apexia.com,37,female,APEXIA,Floris
2716f143,Kathie Sykes,kathiesykes@dadabase.com,37,female,DADABASE,Bennett
94959798,Mcbride Miranda,mcbridemiranda@realysis.com,28,male,REALYSIS,Westwood
49206915,Ryan Martinez,ryanmartinez@poochies.com,36,male,POOCHIES,Twilight
1028a51e,Dana Holcomb,danaholcomb@visualix.com,20,female,VISUALIX,Allendale
9b75b004,Weiss Hill,weisshill@ecrater.com,29,male,ECRATER,Cashtown
45818010,Santana Brown,santanabrown@lotron.com,25,male,LOTRON,Blairstown
8f2a00b5,Brianna Mosley,briannamosley@noralex.com,36,female,NORALEX,Coultervillle
a9583c8a,Yvonne Ayala,yvonneayala@pheast.com,38,female,PHEAST,Chesterfield
71748c6e,Doris Mueller,dorismueller@collaire.com,31,female,COLLAIRE,Boomer
3cb84922,Wheeler Christian,wheelerchristian@verton.com,30,male,VERTON,Lawrence
a0c4a13f,Brennan Burks,brennanburks@lyrichord.com,29,male,LYRICHORD,Cleary
32c681b6,Dillard Bernard,dillardbernard@xanide.com,34,male,XANIDE,Holcombe
b4458618,Lowery Witt,lowerywitt@ewaves.com,24,male,EWAVES,Dennard
bc4a8601,Louella Davenport,louelladavenport@plasmos.com,20,female,PLASMOS,Wright
8eb9ea29,Clarissa Mcclure,clarissamcclure@ronbert.com,32,female,RONBERT,Ogema
06451741,Little Matthews,littlematthews@volax.com,31,male,VOLAX,Hardyville
4fac47e2,Davis Shaffer,davisshaffer@cyclonica.com,25,male,CYCLONICA,Fillmore
ae7ddd56,Rose Love,roselove@assitia.com,38,female,ASSITIA,Lavalette
f2965a90,Dora Ortega,doraortega@snowpoke.com,38,female,SNOWPOKE,Eggertsville
fb38fe83,Ernestine Strong,ernestinestrong@flexigen.com,27,female,FLEXIGEN,Sexton
67588617,Ferguson Burgess,fergusonburgess@norsup.com,26,male,NORSUP,Itmann
6bb44172,Teresa Barlow,teresabarlow@boilicon.com,21,female,BOILICON,Defiance
8566bc77,Cooley Compton,cooleycompton@isologix.com,32,male,ISOLOGIX,Byrnedale
cc42cad0,Christi Curry,christicurry@extragene.com,35,female,EXTRAGENE,Nicholson
d2ad93cb,Allie Hammond,alliehammond@netagy.com,20,female,NETAGY,Gilgo
fc6a1bb4,Mcdowell Serrano,mcdowellserrano@bisba.com,38,male,BISBA,Idledale
4a3af26c,Hansen Hayden,hansenhayden@microluxe.com,31,male,MICROLUXE,Greensburg
99c9e8c7,Day Cole,daycole@solaren.com,27,male,SOLAREN,Springville
3a55cd23,Gallagher Underwood,gallagherunderwood@zilodyne.com,20,male,ZILODYNE,Urie
2d7cf5ce,Downs Sandoval,downssandoval@jumpstack.com,30,male,JUMPSTACK,Hartsville/Hartley
d06e67a3,Strong Buck,strongbuck@syntac.com,24,male,SYNTAC,Sanders
cbaf7a8b,Acosta Goff,acostagoff@digiprint.com,27,male,DIGIPRINT,Canby
7240781b,Kelli Murphy,kellimurphy@glukgluk.com,27,female,GLUKGLUK,Lydia
17b46a38,Freida Conner,freidaconner@exozent.com,39,female,EXOZENT,Belgreen
76167ac0,Sophia Navarro,sophianavarro@tropolis.com,25,female,TROPOLIS,Belva
1780c398,Cortez Howell,cortezhowell@codax.com,25,male,CODAX,Cascades
8862fec4,Welch Cunningham,welchcunningham@mitroc.com,22,male,MITROC,Zarephath
18f305b3,Burton Alvarado,burtonalvarado@entality.com,36,male,ENTALITY,Montura
40137119,Conway Buckner,conwaybuckner@hatology.com,20,male,HATOLOGY,Herlong
79eb2f3e,Johnnie Bishop,johnniebishop@conjurica.com,22,female,CONJURICA,Clay
ad5f37a0,Lacy Schultz,lacyschultz@sloganaut.com,35,female,SLOGANAUT,Vienna
dff6b830,Andrea Spears,andreaspears@tasmania.com,37,female,TASMANIA,Macdona
b87f24fe,Sheila Bowers,sheilabowers@helixo.com,31,female,HELIXO,Bawcomville
5427ea23,Susanna Hale,susannahale@virxo.com,25,female,VIRXO,Coloma
12707599,Herminia Gamble,herminiagamble@ludak.com,34,female,LUDAK,Cazadero
df6fca3c,Monroe Weber,monroeweber@immunics.com,24,male,IMMUNICS,Advance
a5f7b54a,Evangeline Quinn,evangelinequinn@zillar.com,21,female,ZILLAR,Taycheedah
9ff2a01e,Peggy Everett,peggyeverett@oronoko.com,35,female,ORONOKO,Otranto
ab7ed66c,Ana Gonzalez,anagonzalez@quotezart.com,26,female,QUOTEZART,Mathews
7c428049,Madeleine Kelley,madeleinekelley@centrexin.com,21,female,CENTREXIN,Drytown
f415e12f,Marietta Rivas,mariettarivas@tetak.com,38,female,TETAK,Wheaton
fa42308d,Melisa Waller,melisawaller@zentry.com,38,female,ZENTRY,Eden
cbc788f9,Puckett Landry,puckettlandry@emtrak.com,29,male,EMTRAK,Accoville
2cffabc9,Holder Higgins,holderhiggins@roughies.com,33,male,ROUGHIES,Gloucester
f37d1e29,Wagner Potter,wagnerpotter@entropix.com,28,male,ENTROPIX,Tonopah
b87ca7ce,Torres Merritt,torresmerritt@neocent.com,38,male,NEOCENT,Keller
ec4a4523,Warren Burton,warrenburton@duoflex.com,24,male,DUOFLEX,Gratton
8a98fa35,Combs Gardner,combsgardner@endipine.com,37,male,ENDIPINE,Gila
340d299c,Eaton Park,eatonpark@maxemia.com,31,male,MAXEMIA,Allentown
a7a1ecf7,Arnold Peterson,arnoldpeterson@callflex.com,38,male,CALLFLEX,Riverton
b121963a,Janice Nieves,janicenieves@datagene.com,21,female,DATAGENE,Chestnut
d5f31187,Augusta Taylor,augustataylor@centice.com,22,female,CENTICE,Toftrees
045269a1,Blankenship Mccormick,blankenshipmccormick@automon.com,24,male,AUTOMON,Dorneyville
6422f1fc,Jeanine Blake,jeanineblake@orboid.com,34,female,ORBOID,Alleghenyville
68b01ad5,Fannie Webster,fanniewebster@bleendot.com,35,female,BLEENDOT,Lindisfarne
c39acc24,Sheree Houston,shereehouston@updat.com,34,female,UPDAT,Cotopaxi
155cfa1a,Nicholson Glass,nicholsonglass@illumity.com,27,male,ILLUMITY,Templeton
21394b21,Cathryn Greene,cathryngreene@pawnagra.com,35,female,PAWNAGRA,Calvary
fc6ae8ce,Tommie Levine,tommielevine@geologix.com,37,female,GEOLOGIX,Campo
4f1a43b2,Jeanette Mccarthy,jeanettemccarthy@isologics.com,30,female,ISOLOGICS,Ernstville
5526db77,Christina Parrish,christinaparrish@magneato.com,26,female,MAGNEATO,Hoagland
8c6d32a7,Harrison Lambert,harrisonlambert@genesynk.com,40,male,GENESYNK,Dunlo
74d27fc0,Irma Livingston,irmalivingston@dentrex.com,35,female,DENTREX,Comptche
1878208e,Marsha Lara,marshalara@surelogic.com,24,female,SURELOGIC,Jacumba
49f68678,Leann Hanson,leannhanson@maroptic.com,26,female,MAROPTIC,Wheatfields
b63ebf4e,Tamara Grant,tamaragrant@aquasseur.com,35,female,AQUASSEUR,Nogal
d08fbc17,Juarez Duke,juarezduke@orbixtar.com,28,male,ORBIXTAR,Gambrills
99ba8651,Hanson Carrillo,hansoncarrillo@tellifly.com,40,male,TELLIFLY,Marienthal
12ef028d,Kendra Bell,kendrabell@dogspa.com,24,female,DOGSPA,Kipp
61b94c35,Cooper Workman,cooperworkman@geekosis.com,26,male,GEEKOSIS,Homeworth
02f4e91f,Molina Morton,molinamorton@fortean.com,36,male,FORTEAN,Croom
ce8ce97a,Sharon Mendoza,sharonmendoza@cipromox.com,35,female,CIPROMOX,Alden
f15f6b9e,Bianca Sloan,biancasloan@urbanshee.com,34,female,URBANSHEE,Cherokee
682ed863,Darlene Warner,darlenewarner@gleamink.com,39,female,GLEAMINK,Sunbury
ed592404,Beverly Hunter,beverlyhunter@anivet.com,30,female,ANIVET,Thermal
91837fb4,Rivas Eaton,rivaseaton@providco.com,39,male,PROVIDCO,Courtland
7786660b,Katheryn Carson,katheryncarson@anixang.com,35,female,ANIXANG,Centerville
8b55a5f9,Vance Puckett,vancepuckett@geoforma.com,21,male,GEOFORMA,Bainbridge
3c9dc005,Velma Patton,velmapatton@elemantra.com,34,female,ELEMANTRA,Chamberino
3f91559e,Helga Barr,helgabarr@genmy.com,20,female,GENMY,Nile
36ef8747,Buck Mullins,buckmullins@furnafix.com,25,male,FURNAFIX,Johnsonburg
177aaba7,Stacy Kline,stacykline@veraq.com,33,female,VERAQ,Castleton
7c2dfafa,Barrett Mercado,barrettmercado@sultraxin.com,25,male,SULTRAXIN,Newcastle
6360e370,Nadia Fischer,nadiafischer@ecosys.com,30,female,ECOSYS,Woodlake
fd345b8f,Winnie Vinson,winnievinson@inquala.com,21,female,INQUALA,Roberts
a412cec7,Regina Trevino,reginatrevino@utarian.com,25,female,UTARIAN,Beaulieu
bb23542e,Wright Richard,wrightrichard@tingles.com,36,male,TINGLES,Linwood
aab04add,Irene Haynes,irenehaynes@fleetmix.com,33,female,FLEETMIX,Savage
a6451c8e,Essie Webb,essiewebb@snips.com,33,female,SNIPS,Unionville
ca0478d3,Katina Frederick,katinafrederick@playce.com,30,female,PLAYCE,Tilleda
4177596b,Randolph Morrison,randolphmorrison@nspire.com,35,male,NSPIRE,Dyckesville
632e6cf2,Hatfield Morin,hatfieldmorin@nutralab.com,36,male,NUTRALAB,Kent
ac7e3438,Macias Meadows,maciasmeadows@shepard.com,23,male,SHEPARD,Enetai
623b0e97,Estella Lamb,estellalamb@candecor.com,27,female,CANDECOR,Jennings
a1d8ef4b,Twila Aguilar,twilaaguilar@olympix.com,23,female,OLYMPIX,Rosine
84f9e9c3,Foley Parker,foleyparker@furnigeer.com,32,male,FURNIGEER,Como
5e01e8d5,Terry Hyde,terryhyde@harmoney.com,36,female,HARMONEY,Westmoreland
9fdfcf64,Juliette Rosa,julietterosa@rotodyne.com,28,female,ROTODYNE,Allamuchy
6128740b,Rosalyn Pruitt,rosalynpruitt@recritube.com,32,female,RECRITUBE,Brandywine
cf1fb108,Bradford Mcguire,bradfordmcguire@lumbrex.com,37,male,LUMBREX,Ypsilanti
b5dd5d41,Anne Andrews,anneandrews@virva.com,20,female,VIRVA,Villarreal
663ba1c8,Maritza Galloway,maritzagalloway@shopabout.com,29,female,SHOPABOUT,Delshire
28fb963d,Heather David,heatherdavid@ezent.com,32,female,EZENT,Gracey
ac321ecd,Owen Mitchell,owenmitchell@comvoy.com,30,male,COMVOY,Mahtowa
b4871895,Perkins Mcbride,perkinsmcbride@comcur.com,31,male,COMCUR,Bentonville
454701e8,Dixon Hubbard,dixonhubbard@dreamia.com,31,male,DREAMIA,Faxon
81019c92,Bridget Wright,bridgetwright@undertap.com,29,female,UNDERTAP,Gerton
a0b6e4c5,Booker Gray,bookergray@ecraze.com,35,male,ECRAZE,Starks
d0097dc3,Hester Herrera,hesterherrera@dancity.com,20,female,DANCITY,Zortman
47aed7a5,Eugenia Carney,eugeniacarney@frolix.com,24,female,FROLIX,Forestburg
287e6240,Dotson Vargas,dotsonvargas@skybold.com,40,male,SKYBOLD,Rutherford
9dbc6fea,Deana Hoover,deanahoover@phuel.com,38,female,PHUEL,Reinerton
e88ecf7d,Velazquez Wise,velazquezwise@multron.com,31,male,MULTRON,Gerber
9fc49791,Hattie Harrison,hattieharrison@rocklogic.com,34,female,ROCKLOGIC,Boyd
e32d7101,Reba Chandler,rebachandler@emtrac.com,27,female,EMTRAC,Cannondale
c985298c,Vonda Chase,vondachase@furnitech.com,27,female,FURNITECH,Oberlin
656d19fe,Mccullough Rhodes,mcculloughrhodes@comdom.com,31,male,COMDOM,Juntura
de7b93c0,Dalton Mason,daltonmason@oceanica.com,29,male,OCEANICA,Ballico
10e008b7,Pat Baker,patbaker@xinware.com,30,female,XINWARE,Teasdale
55a60a5e,Underwood Noble,underwoodnoble@apex.com,25,male,APEX,Cade
c3c5f7b3,Bettye Bauer,bettyebauer@lingoage.com,35,female,LINGOAGE,Williamson
5f260330,Selena Blair,selenablair@gazak.com,29,female,GAZAK,Bowmansville
4272896f,Beverley Wilder,beverleywilder@corecom.com,35,female,CORECOM,Forbestown
b0873b37,Carolyn Keith,carolynkeith@coriander.com,32,female,CORIANDER,Kenvil
fa0ad805,Greer Richards,greerrichards@stockpost.com,31,male,STOCKPOST,Stollings
17d49e75,Bridgette Lancaster,bridgettelancaster@capscreen.com,33,female,CAPSCREEN,Cochranville
8513223f,Fisher Joyce,fisherjoyce@dogtown.com,39,male,DOGTOWN,Sutton
d01e850f,Alyce Heath,alyceheath@naxdis.com,34,female,NAXDIS,Orick
8b9526db,Gilmore Klein,gilmoreklein@zipak.com,22,male,ZIPAK,Saranap
6d6140df,Adeline Bates,adelinebates@venoflex.com,29,female,VENOFLEX,Bethany
da5ae11e,Jenna Lloyd,jennalloyd@comstruct.com,34,female,COMSTRUCT,Sabillasville
043649dc,Carlene Valencia,carlenevalencia@synkgen.com,32,female,SYNKGEN,Sena
c2b58f7d,Rachelle Gay,rachellegay@fossiel.com,28,female,FOSSIEL,Sterling
8843f86c,Rosie Best,rosiebest@comverges.com,40,female,COMVERGES,Moquino
e83604bf,Lesley Pollard,lesleypollard@eventex.com,20,female,EVENTEX,Aberdeen
5e7238dc,Dianna Green,diannagreen@suremax.com,34,female,SUREMAX,Lumberton
787bc78e,Maura Reed,maurareed@zillatide.com,25,female,ZILLATIDE,Rockhill
e25740a8,Strickland Perry,stricklandperry@puria.com,20,male,PURIA,Alderpoint
83afe240,Barnes Fields,barnesfields@twiist.com,37,male,TWIIST,Denio
e5c054b3,Cindy Britt,cindybritt@zoinage.com,31,female,ZOINAGE,Dodge
8bfcd405,Colleen Torres,colleentorres@tripsch.com,40,female,TRIPSCH,Lund
0692416d,Allen Rocha,allenrocha@applica.com,30,male,APPLICA,Herbster
63449b4e,Katherine Marquez,katherinemarquez@cujo.com,23,female,CUJO,Trail
461af333,Abigail Rivera,abigailrivera@stucco.com,30,female,STUCCO,Sunnyside
60e46a5f,Waller Sampson,wallersampson@comtrek.com,28,male,COMTREK,Glenbrook
ff2475bb,Carson Camacho,carsoncamacho@biospan.com,32,male,BIOSPAN,Shasta
7e306639,Christy Benson,christybenson@sonique.com,37,female,SONIQUE,Blue
ced8664e,Aline Guy,alineguy@eweville.com,28,female,EWEVILLE,Brambleton
a7065f53,Jackson Mccarty,jacksonmccarty@opticom.com,32,male,OPTICOM,Mappsville
eee14d93,Pruitt Leonard,pruittleonard@golistic.com,32,male,GOLISTIC,Bridgetown
3982cf21,Price Ball,priceball@qot.com,22,male,QOT,Hayes
ccc0583f,Kelly Peters,kellypeters@xleen.com,24,female,XLEEN,Bannock
a742d88a,Gates Russo,gatesrusso@geeky.com,40,male,GEEKY,Woodlands
636577b2,Willie Foster,williefoster@ronelon.com,30,female,RONELON,Helen
7f66232d,Yates Mcleod,yatesmcleod@uniworld.com,29,male,UNIWORLD,Alafaya
bb843ee9,Jeanie Melendez,jeaniemelendez@yogasm.com,26,female,YOGASM,Marion
c52eb436,Marina Tanner,marinatanner@reversus.com,40,female,REVERSUS,Klondike
e36d891d,Carla Harper,carlaharper@zanymax.com,40,female,ZANYMAX,Ellerslie
3a3bfe7f,Atkins Gill,atkinsgill@ziore.com,35,male,ZIORE,Caspar
6924a8c1,Rutledge Clayton,rutledgeclayton@farmage.com,33,male,FARMAGE,Marysville
3e16c9d3,Sanchez Rivers,sanchezrivers@quility.com,36,male,QUILITY,Southmont
7b125d44,Lana Hinton,lanahinton@slax.com,29,female,SLAX,Waterview
b73e0671,Ware Rogers,warerogers@grainspot.com,30,male,GRAINSPOT,Sylvanite
bfacd899,Myers Rodgers,myersrodgers@vixo.com,20,male,VIXO,Sugartown
57490f29,Jacobson Kemp,jacobsonkemp@eventage.com,31,male,EVENTAGE,Trexlertown
a93a36fa,Selma Horn,selmahorn@ginkogene.com,38,female,GINKOGENE,Rockbridge
2ce8b260,Shirley Morrow,shirleymorrow@zaphire.com,33,female,ZAPHIRE,Logan
df826567,Love Ferrell,loveferrell@uneeq.com,22,male,UNEEQ,Darlington
21bea89e,Vickie Osborne,vickieosborne@nitracyr.com,23,female,NITRACYR,Chautauqua
2fbf80f4,Garza Hendricks,garzahendricks@bizmatic.com,36,male,BIZMATIC,Glendale
0e8a7342,Oneill Kirk,oneillkirk@inrt.com,40,male,INRT,Ruckersville
63d47610,Sandoval Hays,sandovalhays@gogol.com,36,male,GOGOL,Salvo
249e26f8,Rivera Perkins,riveraperkins@skyplex.com,20,male,SKYPLEX,Tuttle
824eed48,Schroeder Williamson,schroederwilliamson@fanfare.com,32,male,FANFARE,Hatteras
f4a83e28,Jodi Tucker,joditucker@steelfab.com,40,female,STEELFAB,Lookingglass
997b76e2,Miriam Jacobson,miriamjacobson@greeker.com,38,female,GREEKER,Gardners
07122384,Garrett Gomez,garrettgomez@medcom.com,38,male,MEDCOM,Callaghan
6892a9f5,Hudson Branch,hudsonbranch@polaria.com,25,male,POLARIA,Glasgow
38b883a1,Frances Foley,francesfoley@brainclip.com,39,female,BRAINCLIP,Roosevelt
552c893d,Melton Valentine,meltonvalentine@envire.com,27,male,ENVIRE,Waterloo
bbb1c34e,Tabitha Mathews,tabithamathews@equitax.com,21,female,EQUITAX,Beyerville
02eb1f22,Douglas Watkins,douglaswatkins@pasturia.com,25,male,PASTURIA,Selma
cdffc9ac,Nell Bonner,nellbonner@wazzu.com,21,female,WAZZU,Shawmut
afd2cc2b,Harrington Bray,harringtonbray@comtrail.com,39,male,COMTRAIL,Crayne
615b55ea,Avery Holt,averyholt@digitalus.com,37,male,DIGITALUS,Reno
a9772706,Margaret Church,margaretchurch@zaggle.com,20,female,ZAGGLE,Dale
10dc0e8c,Lavonne Larsen,lavonnelarsen@yurture.com,34,female,YURTURE,Steinhatchee
d27a21e0,Mercedes Christensen,mercedeschristensen@quantasis.com,23,female,QUANTASIS,Evergreen
4903892b,Lilia Sears,liliasears@xplor.com,39,female,XPLOR,Roy
de1c39f6,Valencia Fulton,valenciafulton@namebox.com,21,male,NAMEBOX,Leeper
f7e44485,Ivy Ross,ivyross@digirang.com,40,female,DIGIRANG,Fedora
6a3164b5,Griffith Ferguson,griffithferguson@solgan.com,38,male,SOLGAN,Westboro
ad9eb7ae,Ethel Becker,ethelbecker@ovium.com,25,female,OVIUM,Lorraine
2fbfa6f2,Henderson Juarez,hendersonjuarez@magnemo.com,22,male,MAGNEMO,Hegins
d10b7d6d,Jan Delaney,jandelaney@geostele.com,40,female,GEOSTELE,Yogaville
d62cd631,Russell Briggs,russellbriggs@flyboyz.com,31,male,FLYBOYZ,Romeville
0158ec37,Lawanda William,lawandawilliam@zilch.com,37,female,ZILCH,Lowell
343ce884,Hannah Cruz,hannahcruz@bitendrex.com,29,female,BITENDREX,Mulberry
bdf39f00,Vilma Slater,vilmaslater@namegen.com,25,female,NAMEGEN,Roulette
06d8ba1d,Mindy Sanchez,mindysanchez@zaya.com,30,female,ZAYA,Talpa
a2d4e367,Olive George,olivegeorge@balooba.com,28,female,BALOOBA,Stewartville
b53c5c9b,Rowe Baxter,rowebaxter@cubix.com,32,male,CUBIX,Dixie
b45793e8,Short Cooper,shortcooper@ramjob.com,22,male,RAMJOB,Kirk
08d03d9e,Baird Holland,bairdholland@vendblend.com,36,male,VENDBLEND,Lupton
2c82c49c,Odom Kent,odomkent@zedalis.com,25,male,ZEDALIS,Interlochen
8eebbc36,Tracey Morgan,traceymorgan@acumentor.com,40,female,ACUMENTOR,Cutter
b63b5daa,Gwen Knight,gwenknight@phormula.com,37,female,PHORMULA,Weedville
efe2e856,Joanna Burris,joannaburris@geekol.com,20,female,GEEKOL,Summerset
eab79ed3,Mullins Sexton,mullinssexton@lyria.com,39,male,LYRIA,Carlos
63df2241,Crosby Walter,crosbywalter@uni.com,29,male,UNI,Brutus
9e8867bc,Benjamin Ryan,benjaminryan@cormoran.com,28,male,CORMORAN,Vale
77e0f8af,Rodriguez Cannon,rodriguezcannon@musix.com,25,male,MUSIX,Juarez
b5bafd48,Suarez Leach,suarezleach@comtext.com,20,male,COMTEXT,Wildwood
06da33f4,Garrison Doyle,garrisondoyle@accuprint.com,20,male,ACCUPRINT,Dubois
27ce746a,Jasmine Talley,jasminetalley@supremia.com,29,female,SUPREMIA,Greenwich
8969186b,Corrine Calhoun,corrinecalhoun@roboid.com,37,female,ROBOID,Durham
7935fc4f,Deborah Henson,deborahhenson@everest.com,21,female,EVEREST,Benson
927284a7,Karen Henderson,karenhenderson@exoswitch.com,29,female,EXOSWITCH,Beechmont
46db39cc,Reva Sanford,revasanford@signity.com,39,female,SIGNITY,Elliott
f14669b0,Whitaker Shannon,whitakershannon@ecratic.com,34,male,ECRATIC,Harrison
b411c1c3,Mccormick Mann,mccormickmann@rodeomad.com,24,male,RODEOMAD,Sussex
1a5f9e57,Aurora Dunlap,auroradunlap@medicroix.com,24,female,MEDICROIX,Bakersville
e9872ced,Herman Moses,hermanmoses@zytrax.com,25,male,ZYTRAX,Belvoir
dd980132,Richmond Patterson,richmondpatterson@hairport.com,29,male,HAIRPORT,Coalmont
33831643,Rich Robles,richrobles@comfirm.com,22,male,COMFIRM,Utting
001d5357,Merrill Jacobs,merrilljacobs@zillacon.com,39,male,ZILLACON,Fingerville
751804a6,Natalia Velazquez,nataliavelazquez@liquicom.com,34,female,LIQUICOM,Barstow
247de3a0,Angelica Charles,angelicacharles@viasia.com,21,female,VIASIA,Draper
1efbd1ce,Cassandra Hatfield,cassandrahatfield@pyramia.com,35,female,PYRAMIA,Oley
b9d39650,Araceli England,araceliengland@elentrix.com,21,female,ELENTRIX,Staples
29c88a3a,Graves Woods,graveswoods@sequitur.com,29,male,SEQUITUR,Cucumber
dc8f4574,Hull Cardenas,hullcardenas@cubicide.com,25,male,CUBICIDE,Indio
7d448207,Kellie Hobbs,kelliehobbs@comtent.com,38,female,COMTENT,Tedrow
341c871d,Melba Hines,melbahines@exospace.com,31,female,EXOSPACE,Wauhillau
e3338a5f,Lane Cotton,lanecotton@asimiline.com,22,male,ASIMILINE,Clarktown
ddea96b7,Colon Kerr,colonkerr@pearlesex.com,32,male,PEARLESEX,Collins
0e296180,Serena Farmer,serenafarmer@bunga.com,37,female,BUNGA,Needmore
d2db4578,Suzette Black,suzetteblack@portica.com,23,female,PORTICA,Golconda
bbae76c2,Lang Pacheco,langpacheco@flum.com,23,male,FLUM,Waterford
10b69403,Emily Combs,emilycombs@aquoavo.com,29,female,AQUOAVO,Fairacres
9b9b136a,Maxine Steele,maxinesteele@quilch.com,23,female,QUILCH,Eastvale
d5d4ec27,Cunningham Garrett,cunninghamgarrett@viagreat.com,31,male,VIAGREAT,Hebron
2f0ed548,Brooke Joseph,brookejoseph@pharmacon.com,23,female,PHARMACON,Deseret
107ceef9,Nanette Winters,nanettewinters@obones.com,26,female,OBONES,Wakulla
29d693f7,Victoria Mckenzie,victoriamckenzie@cuizine.com,23,female,CUIZINE,Kingstowne
b5f5629c,Hardin Dejesus,hardindejesus@terrasys.com,39,male,TERRASYS,Lutsen
49e8d1c2,Jami Terry,jamiterry@deepends.com,28,female,DEEPENDS,Leyner
08749206,Sabrina Summers,sabrinasummers@zeam.com,23,female,ZEAM,Sunriver
1b36c696,Solomon Poole,solomonpoole@musaphics.com,33,male,MUSAPHICS,Gibsonia
c8bc5b43,Aida Cain,aidacain@bluplanet.com,33,female,BLUPLANET,Crown
e8cfae5e,Roth Gaines,rothgaines@gynko.com,40,male,GYNKO,Wells
491a2740,Orr Robinson,orrrobinson@kindaloo.com,36,male,KINDALOO,Ona
bde6cbb0,Michelle Byers,michellebyers@isoternia.com,37,female,ISOTERNIA,Matheny
f81c2c7d,Jensen Cohen,jensencohen@combogen.com,39,male,COMBOGEN,Witmer
f1eb6cc1,Marcia Hensley,marciahensley@sportan.com,28,female,SPORTAN,Kaka
d986638a,Hayden Douglas,haydendouglas@sentia.com,36,male,SENTIA,Woodruff
4f4eec50,Margie Nicholson,margienicholson@qualitern.com,28,female,QUALITERN,Herald
b2b834f1,Lacey Flores,laceyflores@rodemco.com,38,female,RODEMCO,Canterwood
3bc798bf,Cabrera Duran,cabreraduran@netplode.com,34,male,NETPLODE,Saddlebrooke
9bccb21f,Joyce Mcmillan,joycemcmillan@tersanki.com,36,female,TERSANKI,Beason
13ea1a84,Gentry Rich,gentryrich@zanilla.com,38,male,ZANILLA,Windsor
dc51a7b4,Pam Abbott,pamabbott@indexia.com,20,female,INDEXIA,Charco
6945e30f,Alma Bean,almabean@beadzza.com,32,female,BEADZZA,Oretta
1002a239,Snider Vasquez,snidervasquez@comstar.com,26,male,COMSTAR,Eagletown
839b96d6,Mcconnell Head,mcconnellhead@tetratrex.com,23,male,TETRATREX,Welda
98f017df,Beth Trujillo,bethtrujillo@exovent.com,37,female,EXOVENT,Kenwood
a88dc1f1,Elise Hendrix,elisehendrix@vortexaco.com,37,female,VORTEXACO,Goldfield
4550b16e,Mccarthy Dominguez,mccarthydominguez@senmao.com,40,male,SENMAO,Dargan
60498938,Rush Koch,rushkoch@bulljuice.com,21,male,BULLJUICE,Biddle
4f498f26,Carmen Michael,carmenmichael@netility.com,22,female,NETILITY,Williams
45a07934,Reynolds Patrick,reynoldspatrick@daido.com,23,male,DAIDO,Rivera
c6268bfa,Vargas Carter,vargascarter@qaboos.com,31,male,QABOOS,Ezel
f3858fa4,Robertson Levy,robertsonlevy@ceprene.com,26,male,CEPRENE,Cartwright
55d0c6ea,Wall Dillard,walldillard@zolavo.com,36,male,ZOLAVO,Joppa
3400b01a,Tonia Leblanc,tonialeblanc@digique.com,32,female,DIGIQUE,Motley
31277216,Buckner Allen,bucknerallen@enaut.com,27,male,ENAUT,Finderne
1797cfb4,Aileen Sullivan,aileensullivan@amtap.com,35,female,AMTAP,Independence
ebbb74d6,Jessie Stephenson,jessiestephenson@avenetro.com,37,female,AVENETRO,Crenshaw
4be9f11a,Glenn James,glennjames@mondicil.com,26,male,MONDICIL,Madrid
75c458f6,Norma Small,normasmall@ohmnet.com,30,female,OHMNET,Chloride
dc378404,Rene Reyes,renereyes@splinx.com,23,female,SPLINX,Coldiron
97715109,Cassie Fleming,cassiefleming@poshome.com,39,female,POSHOME,Emerald
d9ae6bb4,Iris Oneil,irisoneil@ginkle.com,27,female,GINKLE,Guthrie
b19c67d6,Erika Ruiz,erikaruiz@idetica.com,26,female,IDETICA,Genoa
6197b043,Freeman Castillo,freemancastillo@konnect.com,23,male,KONNECT,Rushford
f0a024d1,Francis Atkins,francisatkins@malathion.com,27,male,MALATHION,Jugtown
9b0712be,Antoinette Pearson,antoinettepearson@cinesanct.com,34,female,CINESANCT,Skyland
a357bc02,Ina Mcconnell,inamcconnell@hyplex.com,40,female,HYPLEX,Orovada
6d8cf264,Rae Townsend,raetownsend@zorromop.com,35,female,ZORROMOP,Brogan
09b80f82,Jimmie Clemons,jimmieclemons@medalert.com,40,female,MEDALERT,Belleview
062f8876,Porter Reeves,porterreeves@zolarex.com,40,male,ZOLAREX,Kiskimere
3bd826e2,Claire Booker,clairebooker@xeronk.com,35,female,XERONK,Dunnavant
26db4fb5,Wells Mcfadden,wellsmcfadden@quinex.com,20,male,QUINEX,Ferney
33b99ebd,Marcella Bradford,marcellabradford@geekko.com,36,female,GEEKKO,Chaparrito
bdb9e6a6,Estelle Young,estelleyoung@megall.com,25,female,MEGALL,Norvelt
ac13c85d,Talley Salinas,talleysalinas@magnafone.com,20,male,MAGNAFONE,Fowlerville
7ed856fb,Celina Jefferson,celinajefferson@dognost.com,29,female,DOGNOST,Clarksburg
ea36b20f,Roslyn Roach,roslynroach@talendula.com,39,female,TALENDULA,Tolu
c47c298c,Laurel Cabrera,laurelcabrera@knowlysis.com,22,female,KNOWLYSIS,Corinne
bc386cde,Le Dixon,ledixon@sensate.com,34,male,SENSATE,Lemoyne
6e95eb85,Karyn Cherry,karyncherry@chillium.com,32,female,CHILLIUM,Basye
784d66e2,Leila Mayo,leilamayo@enormo.com,23,female,ENORMO,Oneida
3a814e9a,Concepcion Harris,concepcionharris@rodeology.com,32,female,RODEOLOGY,Catharine
9d4f9c77,Stella Yang,stellayang@kog.com,25,female,KOG,Farmers
5cae6d03,Elliott Jimenez,elliottjimenez@isostream.com,40,male,ISOSTREAM,Brewster
1176c7a5,Justine Gross,justinegross@enersave.com,34,female,ENERSAVE,Ironton
9165abce,Lizzie Lynn,lizzielynn@bleeko.com,32,female,BLEEKO,Yonah
ed7321a1,Ora Wilkerson,orawilkerson@springbee.com,37,female,SPRINGBEE,Goochland
6fbd84c9,Connie Martin,conniemartin@xiix.com,35,female,XIIX,Deltaville
d359b388,James Avila,jamesavila@quarx.com,31,female,QUARX,Bethpage
ce05f6d0,Kathrine Wolfe,kathrinewolfe@liquidoc.com,22,female,LIQUIDOC,Davenport
5d2dd9dc,Tracie Strickland,traciestrickland@neteria.com,27,female,NETERIA,Hemlock
e015bd0b,Angelita Erickson,angelitaerickson@billmed.com,31,female,BILLMED,Hamilton
89b8a9c6,Becker Oliver,beckeroliver@daisu.com,30,male,DAISU,Stockdale
23ff983c,Pickett Ballard,pickettballard@magmina.com,28,male,MAGMINA,Balm
6992fda8,Santiago Shepard,santiagoshepard@gaptec.com,36,male,GAPTEC,Westerville
6dcfb764,House Good,housegood@parleynet.com,40,male,PARLEYNET,Vandiver
18563447,Adams Leon,adamsleon@eternis.com,24,male,ETERNIS,Vaughn
2bcba99a,Bass Cantu,basscantu@exposa.com,31,male,EXPOSA,Wescosville
bc096af6,Shannon Clarke,shannonclarke@papricut.com,32,female,PAPRICUT,Riegelwood
9a6b5f8c,Larsen Kirkland,larsenkirkland@kozgene.com,22,male,KOZGENE,Oceola
c8d4b68f,Henson Clark,hensonclark@baluba.com,34,male,BALUBA,Bladensburg
66c69e0a,Lilly Guerra,lillyguerra@songbird.com,31,female,SONGBIRD,Temperanceville
48df53fe,Luella Daniels,luelladaniels@cowtown.com,33,female,COWTOWN,Eureka
8087289e,Mitzi Hamilton,mitzihamilton@pivitol.com,26,female,PIVITOL,Sperryville
8201100b,Glass Burch,glassburch@edecine.com,29,male,EDECINE,Lisco
e8b0ab9a,Cameron Finch,cameronfinch@zentime.com,28,male,ZENTIME,Tecolotito
44dd56d1,Nelson Weaver,nelsonweaver@calcu.com,36,male,CALCU,Snyderville
a3345644,West Olson,westolson@uplinx.com,32,male,UPLINX,Westphalia
30286e5e,Harris Potts,harrispotts@zidant.com,27,male,ZIDANT,Adamstown
b5146b16,Freda Jensen,fredajensen@geoform.com,39,female,GEOFORM,Sedley
d046b3d5,Brock Yates,brockyates@fiberox.com,36,male,FIBEROX,Harold
4ac1f808,Deena Ford,deenaford@zepitope.com,35,female,ZEPITOPE,Manitou
acb8b1b6,Sheppard Knowles,sheppardknowles@makingway.com,30,male,MAKINGWAY,Chemung
f3aa0fba,Meadows Oneill,meadowsoneill@zyple.com,36,male,ZYPLE,Robinson
0be34f5d,Dominique Bowen,dominiquebowen@bitrex.com,22,female,BITREX,Emison
d18916c0,Floyd Boyle,floydboyle@assistia.com,30,male,ASSISTIA,Concho
4fc15569,Oconnor Weeks,oconnorweeks@motovate.com,38,male,MOTOVATE,Grenelefe
c40d7049,Byers Cantrell,byerscantrell@zillidium.com,24,male,ZILLIDIUM,Cumminsville
c735a12b,Boyle May,boylemay@vidto.com,28,male,VIDTO,Bendon
7a58ac7f,Boyer Gregory,boyergregory@comtours.com,32,male,COMTOURS,Flintville
3d5b0d2d,Janis Brady,janisbrady@zenthall.com,32,female,ZENTHALL,Aguila
b1c41b30,Davenport Lawson,davenportlawson@tsunamia.com,29,male,TSUNAMIA,Wyoming
ab31c56a,Jordan Adkins,jordanadkins@colaire.com,29,female,COLAIRE,Canoochee
d123ac9e,Peterson Scott,petersonscott@zoxy.com,29,male,ZOXY,Shelby
ebc46f56,Landry Wiggins,landrywiggins@exiand.com,29,male,EXIAND,Lewis
f5147e13,Sarah Holloway,sarahholloway@comvex.com,32,female,COMVEX,Hobucken
f4034896,Brown Soto,brownsoto@koogle.com,21,male,KOOGLE,Loma
a3c86246,Ortiz Rollins,ortizrollins@zilphur.com,38,male,ZILPHUR,Welch
e6d7f542,Barr Nielsen,barrnielsen@comveyer.com,31,male,COMVEYER,Harleigh
9bbab8aa,Nina Crane,ninacrane@voipa.com,30,female,VOIPA,Barronett
241dda7f,Briana Hess,brianahess@artiq.com,22,female,ARTIQ,Marbury
83b42ae3,Alissa Hardy,alissahardy@pyramax.com,30,female,PYRAMAX,Dowling
b3cb4f3b,Rita Davis,ritadavis@uxmox.com,30,female,UXMOX,Homestead
e65222ee,Santos Carr,santoscarr@satiance.com,35,male,SATIANCE,Kersey
c335299a,Rhoda Wheeler,rhodawheeler@ultrimax.com,31,female,ULTRIMAX,Martinez
67f476b9,Stacey Jordan,staceyjordan@zialactic.com,23,female,ZIALACTIC,Brandermill
6ea9cb5b,Marta Mcpherson,martamcpherson@kangle.com,36,female,KANGLE,Jeff
daac8976,Mathews Beck,mathewsbeck@quilk.com,21,male,QUILK,Titanic
18e5cbdb,Campos Walker,camposwalker@gronk.com,25,male,GRONK,Silkworth
5b6b3464,Phoebe Rosales,phoeberosales@lunchpod.com,29,female,LUNCHPOD,Warren
40a6a96a,Pennington Bright,penningtonbright@metroz.com,27,male,METROZ,Bourg
5343ab2c,Ingram Lynch,ingramlynch@intradisk.com,22,male,INTRADISK,Kula
75456d26,Nunez Lee,nunezlee@acium.com,25,male,ACIUM,Rowe
8bb2eab6,June Anthony,juneanthony@krag.com,30,female,KRAG,Hannasville
6f3d526d,Crawford Lindsey,crawfordlindsey@buzzopia.com,33,male,BUZZOPIA,Berwind
3fda624f,Acevedo Farrell,acevedofarrell@progenex.com,39,male,PROGENEX,Crumpler
1f9d2099,Leticia Willis,leticiawillis@telepark.com,39,female,TELEPARK,Takilma
683a1d42,Knapp Caldwell,knappcaldwell@proxsoft.com,28,male,PROXSOFT,Riceville
3e6159b3,Taylor Adams,tayloradams@melbacor.com,39,male,MELBACOR,Franklin
d43badc9,Kemp Glover,kempglover@scentric.com,22,male,SCENTRIC,Robinette
b73e26e5,Joni Davidson,jonidavidson@gadtron.com,28,female,GADTRON,Delco
2b9c20d0,Kelly Ellison,kellyellison@zillan.com,31,male,ZILLAN,Vincent
6dfbe40d,Farley Hickman,farleyhickman@prowaste.com,26,male,PROWASTE,Cavalero
906a2a3a,Justice Sellers,justicesellers@rugstars.com,31,male,RUGSTARS,Rodman
829f4ff1,Shelly Merrill,shellymerrill@snacktion.com,20,female,SNACKTION,Katonah
3d9531de,Velasquez Robertson,velasquezrobertson@cosmetex.com,21,male,COSMETEX,Eagleville
66fcaeef,Scott Elliott,scottelliott@pushcart.com,33,male,PUSHCART,Williston
64d1cf24,Liz Fletcher,lizfletcher@zensor.com,39,female,ZENSOR,Day
199ace48,Lesa Rasmussen,lesarasmussen@zolar.com,33,female,ZOLAR,Bartley
da794ac9,Stephens Joyner,stephensjoyner@opticall.com,27,male,OPTICALL,Martinsville
b21173e4,Frazier Stafford,frazierstafford@extremo.com,31,male,EXTREMO,Spelter
eb129f1a,Therese Medina,theresemedina@comtest.com,25,female,COMTEST,Whitmer
d8af8161,Munoz Mcclain,munozmcclain@insuresys.com,31,male,INSURESYS,Axis
24908e72,Hunt Simmons,huntsimmons@paragonia.com,25,male,PARAGONIA,Grill
5f78790d,Carolina Freeman,carolinafreeman@keeg.com,28,female,KEEG,Hailesboro
67430649,Eve Dillon,evedillon@bristo.com,31,female,BRISTO,Edenburg
6b32713f,Shelton Carey,sheltoncarey@kneedles.com,32,male,KNEEDLES,Waiohinu
36462ffb,Lila Thompson,lilathompson@blanet.com,33,female,BLANET,Esmont
368db695,Margery Brock,margerybrock@medifax.com,34,female,MEDIFAX,Monument
b3a49de8,Lynch Randolph,lynchrandolph@isotronic.com,20,male,ISOTRONIC,Winston
cf58a627,Myra Donaldson,myradonaldson@insource.com,37,female,INSOURCE,Thornport
7e34e130,Wade Morris,wademorris@viagrand.com,24,male,VIAGRAND,Jacksonburg
53f42527,Leonor Middleton,leonormiddleton@zytrek.com,31,female,ZYTREK,Disautel
4d16d310,Cherry Gonzales,cherrygonzales@geofarm.com,25,male,GEOFARM,Russellville
86f57f2d,Johnson Lang,johnsonlang@toyletry.com,36,male,TOYLETRY,Magnolia
0e804d79,Lina Griffith,linagriffith@filodyne.com,20,female,FILODYNE,Why
2ff52c7c,Mason Todd,masontodd@ozean.com,29,male,OZEAN,Lopezo
ff6917b4,Browning Zamora,browningzamora@memora.com,30,male,MEMORA,Orin
68768910,Key Ingram,keyingram@cytrak.com,24,male,CYTRAK,Shaft
efd688d7,Small Cameron,smallcameron@renovize.com,29,male,RENOVIZE,Cornfields
9b2c4db8,Murray Pittman,murraypittman@caxt.com,27,male,CAXT,Hall
052bc1f7,Melanie Mcfarland,melaniemcfarland@izzby.com,34,female,IZZBY,Mansfield
51e3b88b,Hodge Ochoa,hodgeochoa@inventure.com,38,male,INVENTURE,Haena
3e3b208e,Bowers Dennis,bowersdennis@kyaguru.com,27,male,KYAGURU,Escondida
45e0eef8,Ollie Beard,olliebeard@egypto.com,36,female,EGYPTO,Gorham
a61c8f02,Cheryl Barrett,cherylbarrett@quailcom.com,32,female,QUAILCOM,Falconaire
3dacc5fa,Head Stevenson,headstevenson@zomboid.com,26,male,ZOMBOID,Deercroft
33cdd100,Harmon Larson,harmonlarson@insurety.com,37,male,INSURETY,Edmund
d0d32c8e,Tina Drake,tinadrake@kongle.com,30,female,KONGLE,Kraemer
95fce94d,Enid Riley,enidriley@columella.com,30,female,COLUMELLA,Klagetoh
faefad14,Blanche Franks,blanchefranks@applidec.com,27,female,APPLIDEC,Yukon
fbdf2373,Holmes Barber,holmesbarber@proflex.com,22,male,PROFLEX,Crawfordsville
63f6716c,Addie Shields,addieshields@navir.com,33,female,NAVIR,Cedarville
e35213bd,Emilia Finley,emiliafinley@eyeris.com,37,female,EYERIS,Derwood
9efdd460,Vasquez Whitley,vasquezwhitley@globoil.com,38,male,GLOBOIL,Bellamy
7c3a5847,Roberson Bennett,robersonbennett@hotcakes.com,20,male,HOTCAKES,Ruffin
cd47388f,Rosa Walls,rosawalls@zaggles.com,21,male,ZAGGLES,Blanco
6d00299d,Blackburn Banks,blackburnbanks@velity.com,28,male,VELITY,Rew
da901df3,Kristen Spence,kristenspence@eclipsent.com,28,female,ECLIPSENT,Sanborn
29ab1141,Brandy Maddox,brandymaddox@ontality.com,38,female,ONTALITY,Hasty
bff6a478,Mary Durham,marydurham@icology.com,33,female,ICOLOGY,Shrewsbury
81bf544f,Roberta Deleon,robertadeleon@earwax.com,26,female,EARWAX,Turpin
17d599c4,Lisa Myers,lisamyers@duflex.com,40,female,DUFLEX,Singer
bd123f40,Ball Sargent,ballsargent@endicil.com,25,male,ENDICIL,Alfarata
ab996191,Burnett Whitfield,burnettwhitfield@twiggery.com,31,male,TWIGGERY,Florence
d0f5616a,Alexandra Wood,alexandrawood@concility.com,20,female,CONCILITY,Bascom
743540cd,Hogan Bartlett,hoganbartlett@maineland.com,37,male,MAINELAND,Chelsea
beb59c5d,Savannah Wilkins,savannahwilkins@entroflex.com,30,female,ENTROFLEX,Wattsville
a7943c4e,Mcmillan Pratt,mcmillanpratt@uncorp.com,27,male,UNCORP,Thynedale
bc43a505,Fernandez Dyer,fernandezdyer@inear.com,33,male,INEAR,Richford
919fe891,Gonzalez Acosta,gonzalezacosta@mixers.com,22,male,MIXERS,Elfrida
9008d48b,Geneva Oneal,genevaoneal@zerology.com,23,female,ZEROLOGY,Walland
1c4fa60a,Tricia Kaufman,triciakaufman@emoltra.com,34,female,EMOLTRA,Haring
243aea1b,Milagros Flowers,milagrosflowers@orbiflex.com,26,female,ORBIFLEX,Hendersonville
8aa5ebf0,Marjorie Carroll,marjoriecarroll@arctiq.com,23,female,ARCTIQ,Boykin
b4601be0,Carissa Pennington,carissapennington@premiant.com,34,female,PREMIANT,Outlook
fac522e6,Tucker Alexander,tuckeralexander@scenty.com,25,male,SCENTY,Conway
f2934cbd,Curtis Campbell,curtiscampbell@jetsilk.com,38,male,JETSILK,Tivoli
41ec691b,Chavez West,chavezwest@exerta.com,34,male,EXERTA,Muir
2512e01b,Luisa Collier,luisacollier@earthplex.com,22,female,EARTHPLEX,Bartonsville
09929e41,Angel Washington,angelwashington@besto.com,20,female,BESTO,Salix
178c79ae,Deleon Stout,deleonstout@insurity.com,20,male,INSURITY,Bowden
aa980641,Crane Smith,cranesmith@emergent.com,31,male,EMERGENT,Edinburg
262bf675,Margarita Mooney,margaritamooney@grok.com,23,female,GROK,Mayfair
3463a26e,Marcie Castaneda,marciecastaneda@oulu.com,26,female,OULU,Kennedyville
fe8f181d,Jeri Conrad,jericonrad@permadyne.com,37,female,PERMADYNE,Rossmore
56a5cd35,Georgette Hebert,georgettehebert@accufarm.com,31,female,ACCUFARM,Baden
cdf68ba0,Viola Cleveland,violacleveland@quarmony.com,26,female,QUARMONY,Nanafalia
d4b8d0ac,Cotton Harrell,cottonharrell@applideck.com,29,male,APPLIDECK,Whipholt
ffa85dc5,Chambers Santana,chamberssantana@biolive.com,25,male,BIOLIVE,Roderfield
8e3d845f,Brenda Nash,brendanash@niquent.com,25,female,NIQUENT,Caledonia
ad5d69af,Kitty Pace,kittypace@xyqag.com,21,female,XYQAG,Iola
f5d8036a,Steele Reynolds,steelereynolds@accel.com,20,male,ACCEL,Avoca
ab392b77,Olga Jenkins,olgajenkins@slofast.com,38,female,SLOFAST,Grapeview
b41c4578,Samantha Burns,samanthaburns@vetron.com,40,female,VETRON,Blanford
0ca165cf,Ruiz Savage,ruizsavage@jasper.com,22,male,JASPER,Fulford
0f817906,Erica Osborn,ericaosborn@bugsall.com,20,female,BUGSALL,Hollymead
ce234411,Rebecca Benjamin,rebeccabenjamin@powernet.com,31,female,POWERNET,Chalfant
bf5a31cd,Dunn Conway,dunnconway@quilm.com,29,male,QUILM,Manila
a3865d1b,Franklin Barry,franklinbarry@isosphere.com,35,male,ISOSPHERE,Hinsdale
78c7d12f,Violet Hopper,violethopper@infotrips.com,25,female,INFOTRIPS,Columbus
03dd2888,Valenzuela Mclean,valenzuelamclean@retrack.com,35,male,RETRACK,Summertown
38dab359,Jolene Saunders,jolenesaunders@musanpoly.com,38,female,MUSANPOLY,Edgewater
117e1b70,Fran Kennedy,frankennedy@idego.com,39,female,IDEGO,Hickory
0222392c,Gloria Brewer,gloriabrewer@podunk.com,21,female,PODUNK,Falmouth
71b2140a,Kristine Gilbert,kristinegilbert@bullzone.com,23,female,BULLZONE,Garfield
ab518498,Flores Vang,floresvang@visalia.com,25,male,VISALIA,Chapin
74b93764,Vanessa Watson,vanessawatson@isonus.com,24,female,ISONUS,Yettem
a867036b,Hallie Conley,hallieconley@marketoid.com,32,female,MARKETOID,Turah
f3394d7f,Donna Bond,donnabond@geekwagon.com,25,female,GEEKWAGON,Finzel
27f1ca72,Anita Roman,anitaroman@tribalog.com,38,female,TRIBALOG,Laurelton
3ea891fd,Moreno Bradshaw,morenobradshaw@aclima.com,30,male,ACLIMA,Thatcher
8bc5369b,Matthews Avery,matthewsavery@multiflex.com,37,male,MULTIFLEX,Greenbackville
da783135,Paul Vincent,paulvincent@bicol.com,34,male,BICOL,Barclay
66e09cff,Daisy Farley,daisyfarley@zilladyne.com,26,female,ZILLADYNE,Dana
d993cd9c,Palmer Benton,palmerbenton@momentia.com,21,male,MOMENTIA,Morriston
dcd0b19c,Celia Blackwell,celiablackwell@terrago.com,35,female,TERRAGO,Emory
57447d2e,Yang Malone,yangmalone@netur.com,33,male,NETUR,Nadine
f4f34ccd,Burris Macias,burrismacias@eplode.com,20,male,EPLODE,Nutrioso
8f9046c1,Trina Justice,trinajustice@singavera.com,25,female,SINGAVERA,Wilsonia
6424bf85,Larson Dickerson,larsondickerson@zosis.com,33,male,ZOSIS,Austinburg
316e0d77,Foreman Holmes,foremanholmes@quordate.com,28,male,QUORDATE,Kenmar
3b4c061a,Mcmahon Jones,mcmahonjones@soprano.com,21,male,SOPRANO,Gilmore
e537ff92,Barlow Sparks,barlowsparks@kineticut.com,38,male,KINETICUT,Chumuckla
964fe698,Hampton Petersen,hamptonpetersen@zoid.com,36,male,ZOID,Frierson
08084380,Georgia Griffin,georgiagriffin@techtrix.com,27,female,TECHTRIX,Bellfountain
4008c65a,Kramer Stanton,kramerstanton@eyewax.com,20,male,EYEWAX,Cawood
763b8bbd,Pierce Stone,piercestone@buzzness.com,38,male,BUZZNESS,Stevens
4020bde1,Barbra Goodman,barbragoodman@qnekt.com,38,female,QNEKT,Longoria
b257c4a4,Earlene Frank,earlenefrank@datagen.com,27,female,DATAGEN,Detroit
30151925,Monique Fowler,moniquefowler@elpro.com,36,female,ELPRO,Osage
45fe9605,Mays Mcdonald,maysmcdonald@pigzart.com,27,male,PIGZART,Galesville
7f4c5c69,Russo Colon,russocolon@incubus.com,38,male,INCUBUS,Elliston
69b4abde,Kaufman Ashley,kaufmanashley@boilcat.com,38,male,BOILCAT,Bodega
333587a4,Lou Stewart,loustewart@utara.com,25,female,UTARA,Smeltertown
b73a759c,Bette Holder,betteholder@comvene.com,26,female,COMVENE,Aurora
6a2adcee,Cecilia Marshall,ceciliamarshall@rodeocean.com,32,female,RODEOCEAN,Savannah
29aca947,Andrews Knapp,andrewsknapp@keengen.com,31,male,KEENGEN,Maury
435a7f52,Kimberley Donovan,kimberleydonovan@pyramis.com,27,female,PYRAMIS,Lloyd
a3468685,Sheri Barnes,sheribarnes@orbalix.com,20,female,ORBALIX,Broadlands
038b69a7,Jody Munoz,jodymunoz@nurplex.com,35,female,NURPLEX,Spokane
79cd4732,Lora Casey,loracasey@zenco.com,33,female,ZENCO,Riner
6b37702d,Wiley Fox,wileyfox@sealoud.com,26,male,SEALOUD,Gasquet
cb14cc09,Calderon Horne,calderonhorne@zilencio.com,34,male,ZILENCIO,Blandburg
1d9115ae,Mercado Meyer,mercadomeyer@realmo.com,26,male,REALMO,Slovan
5e8fc07b,Rodgers Pate,rodgerspate@ovolo.com,38,male,OVOLO,Topanga
e0574399,Sweet Sanders,sweetsanders@farmex.com,24,male,FARMEX,Heil
c3e67985,Jenkins Randall,jenkinsrandall@tourmania.com,32,male,TOURMANIA,Santel
7f8a7851,Hebert Ortiz,hebertortiz@limage.com,35,male,LIMAGE,Troy
a5ef40e9,Autumn Mcmahon,autumnmcmahon@hawkster.com,22,female,HAWKSTER,Tampico
243d7b1f,Black Murray,blackmurray@manufact.com,26,male,MANUFACT,Roeville
2435d909,Carney Wyatt,carneywyatt@gallaxia.com,29,male,GALLAXIA,Navarre
ee5a0ff8,Moody Kelly,moodykelly@mazuda.com,33,male,MAZUDA,Southview
c696c87b,Carmella Duffy,carmelladuffy@matrixity.com,39,female,MATRIXITY,Grimsley
fa134ae9,Patel Obrien,patelobrien@squish.com,23,male,SQUISH,Sharon
5b97ab48,Cecelia Whitehead,ceceliawhitehead@zentility.com,39,female,ZENTILITY,Joes
5a7ccd4f,Savage Orr,savageorr@zenolux.com,20,male,ZENOLUX,Cecilia
f50921ff,Jerry Franklin,jerryfranklin@opportech.com,20,female,OPPORTECH,Bowie
123582ef,Harper Lopez,harperlopez@corpulse.com,23,male,CORPULSE,Irwin
caa7794c,Ray Fisher,rayfisher@delphide.com,33,male,DELPHIDE,Salunga
d779a0df,Gabrielle Bolton,gabriellebolton@circum.com,20,female,CIRCUM,Cliffside
ea7ad434,Kim Perez,kimperez@marqet.com,35,male,MARQET,Neahkahnie
3853d85b,Cross Huffman,crosshuffman@austech.com,34,male,AUSTECH,Dellview
b2591dc8,Barron Reid,barronreid@isotrack.com,20,male,ISOTRACK,Brenton
932b64d7,Reeves King,reevesking@cytrek.com,35,male,CYTREK,Dante
e8ce71fe,Keri Tyson,kerityson@vitricomp.com,38,female,VITRICOMP,Epworth
ed376554,Sue Harding,sueharding@spherix.com,31,female,SPHERIX,Torboy
aed6dae8,Estes Velez,estesvelez@nebulean.com,21,male,NEBULEAN,Watrous
3dd308e4,Cornelia Burt,corneliaburt@plexia.com,33,female,PLEXIA,Kylertown
902c4bf5,Sykes Lewis,sykeslewis@eventix.com,35,male,EVENTIX,Marenisco
0da076c8,Aurelia Hopkins,aureliahopkins@atomica.com,20,female,ATOMICA,Coventry
3745745d,Reyes Wooten,reyeswooten@turnabout.com,40,male,TURNABOUT,Hoehne
72ff9a3b,Lindsay Cote,lindsaycote@cincyr.com,20,female,CINCYR,Warsaw
3db76fab,Liliana Stuart,lilianastuart@anocha.com,28,female,ANOCHA,Loveland
8a15053c,Alisha Dorsey,alishadorsey@sureplex.com,34,female,SUREPLEX,Nicut
ea0e4d5f,Hendrix Mckay,hendrixmckay@teraprene.com,32,male,TERAPRENE,Tooleville
fa582114,Cheri Hooper,cherihooper@exotechno.com,21,female,EXOTECHNO,Geyserville
d6ede802,Virgie Skinner,virgieskinner@biotica.com,38,female,BIOTICA,Camas
d7969674,Penelope Montoya,penelopemontoya@accusage.com,28,female,ACCUSAGE,Coinjock
c425a30a,Valeria Kim,valeriakim@firewax.com,26,female,FIREWAX,Hiko
f74b05cb,Washington Downs,washingtondowns@artworlds.com,27,male,ARTWORLDS,Bordelonville
08c4479d,Whitehead Cobb,whiteheadcobb@pearlessa.com,38,male,PEARLESSA,Caroline
df072449,Irwin Newton,irwinnewton@strozen.com,37,male,STROZEN,Richville
7571b4f9,Katy Chambers,katychambers@maximind.com,39,female,MAXIMIND,Malott
5da7cd61,Good Odom,goododom@unia.com,32,male,UNIA,Vallonia
66cb0d57,Brooks Solis,brookssolis@aquasure.com,21,male,AQUASURE,Albrightsville
f643f298,Mabel Hurley,mabelhurley@grupoli.com,27,female,GRUPOLI,Carrizo
7f74a496,Courtney Curtis,courtneycurtis@autograte.com,34,female,AUTOGRATE,Riviera
f948d547,Rosalinda Lowery,rosalindalowery@spacewax.com,27,female,SPACEWAX,Bedias
418819b7,Marian Wagner,marianwagner@orbean.com,28,female,ORBEAN,Nipinnawasee
76388ef3,Figueroa Reilly,figueroareilly@goko.com,34,male,GOKO,Tilden
7646ecd8,Adrienne Short,adrienneshort@pharmex.com,40,female,PHARMEX,Tyhee
e54c12e6,Tamera Harrington,tameraharrington@letpro.com,33,female,LETPRO,Venice
56f0bfa7,Hopper Rush,hopperrush@intergeek.com,32,male,INTERGEEK,Mammoth
ae1a7524,Anna Preston,annapreston@biflex.com,31,female,BIFLEX,Dalton
fa79ba6b,Britney Duncan,britneyduncan@waretel.com,32,female,WARETEL,Trucksville
b84f5224,Angelique Manning,angeliquemanning@gynk.com,31,female,GYNK,Wanship
924cfb2f,Powell Rodriguez,powellrodriguez@hopeli.com,26,male,HOPELI,Bluffview
4b0baebb,Lorrie Roberson,lorrieroberson@straloy.com,26,female,STRALOY,Fostoria
838444c1,Johns Henry,johnshenry@extrawear.com,22,male,EXTRAWEAR,Jessie
7753be6e,Josephine Snow,josephinesnow@opticon.com,36,female,OPTICON,Ripley
66de1a20,Patrick Vaughn,patrickvaughn@otherside.com,29,male,OTHERSIDE,Wanamie
024eafe7,Barry Bender,barrybender@optique.com,26,male,OPTIQUE,Nettie
b48241b7,Hewitt Fitzpatrick,hewittfitzpatrick@bedlam.com,37,male,BEDLAM,Kanauga
6a492243,Miller Alford,milleralford@enjola.com,35,male,ENJOLA,Kidder
fd83827c,Delacruz Chang,delacruzchang@temorak.com,22,male,TEMORAK,Fairhaven
a87d608c,Noemi Moran,noemimoran@techade.com,29,female,TECHADE,Levant
1757232e,Lucinda Luna,lucindaluna@interfind.com,25,female,INTERFIND,Grahamtown
26805a98,Ross Frazier,rossfrazier@magnina.com,32,male,MAGNINA,Breinigsville
a80db4e9,Kelley Rowe,kelleyrowe@optyk.com,35,male,OPTYK,Rivers
492ae79c,Mckenzie Clay,mckenzieclay@empirica.com,37,male,EMPIRICA,Sims
dc75d971,Josie Wallace,josiewallace@bovis.com,34,female,BOVIS,Craig
b8055db9,Lydia Welch,lydiawelch@mantrix.com,26,female,MANTRIX,Inkerman
375e337e,Priscilla Riggs,priscillariggs@digial.com,38,female,DIGIAL,Bonanza
aba8007a,Janet Floyd,janetfloyd@digigene.com,20,female,DIGIGENE,Enoree
a8aef5d5,Wilkins Wolf,wilkinswolf@eplosion.com,23,male,EPLOSION,Stewart
f557b97c,Wilda Mcgowan,wildamcgowan@imageflow.com,23,female,IMAGEFLOW,Clayville
d663bd92,Waters Hernandez,watershernandez@exoblue.com,29,male,EXOBLUE,Rote
786bc731,Heath Blankenship,heathblankenship@typhonica.com,38,male,TYPHONICA,Zeba
ce376ac9,Jill Porter,jillporter@calcula.com,21,female,CALCULA,Whitestone
4e74ffe9,Sellers Vazquez,sellersvazquez@electonic.com,35,male,ELECTONIC,Grazierville
1b86464f,Bobbi Gibson,bobbigibson@flotonic.com,32,female,FLOTONIC,Calverton
fbd88741,Nolan Mccall,nolanmccall@isologia.com,39,male,ISOLOGIA,Convent
3afec344,Edwina Guthrie,edwinaguthrie@kiosk.com,32,female,KIOSK,Wollochet
dfc472c7,Faulkner Moss,faulknermoss@ezentia.com,21,male,EZENTIA,Choctaw
80f092f0,Hart Anderson,hartanderson@conferia.com,29,male,CONFERIA,Bynum
f0d0423d,Sheena Nelson,sheenanelson@zensure.com,39,female,ZENSURE,Gulf
b86ea768,Woodard Owen,woodardowen@rubadub.com,24,male,RUBADUB,Cassel
9b4b3aae,Gaines Hughes,gaineshughes@zolarity.com,30,male,ZOLARITY,Greenbush
33a6c0e6,Harriet Hurst,harriethurst@aquacine.com,31,female,AQUACINE,Kimmell
04f19ba5,Lindsey Warren,lindseywarren@minga.com,33,male,MINGA,Duryea
0f210967,Annmarie English,annmarieenglish@exospeed.com,36,female,EXOSPEED,Loyalhanna
8c8cbb54,Dean Cochran,deancochran@earthwax.com,37,male,EARTHWAX,Downsville
53d731ae,Noelle Ewing,noelleewing@centuria.com,28,female,CENTURIA,National
a07bc6d8,Castro Mercer,castromercer@enervate.com,28,male,ENERVATE,Thomasville
dd4f4b64,Wynn Jarvis,wynnjarvis@aeora.com,31,male,AEORA,Rivereno
d6aa8a63,Diane Hull,dianehull@cemention.com,35,female,CEMENTION,Alamo
4c8705fb,Avis Walsh,aviswalsh@senmei.com,33,female,SENMEI,Succasunna
d8dc7720,Sheryl Richmond,sherylrichmond@zork.com,37,female,ZORK,Innsbrook
fe6010ff,French Noel,frenchnoel@halap.com,25,male,HALAP,Wedgewood
ca013408,Mayer Sweet,mayersweet@canopoly.com,36,male,CANOPOLY,Henrietta
9c108c4f,Arlene Norris,arlenenorris@quantalia.com,29,female,QUANTALIA,Elwood
96653016,Mccray Jackson,mccrayjackson@octocore.com,22,male,OCTOCORE,Osmond
d15fba10,Alexis Roberts,alexisroberts@kage.com,27,female,KAGE,Bentley
48e901bc,Burgess Neal,burgessneal@hivedom.com,29,male,HIVEDOM,Cumberland
d111338f,Rowland Kidd,rowlandkidd@snorus.com,38,male,SNORUS,Noxen
101bc123,Adrian Fernandez,adrianfernandez@apextri.com,26,female,APEXTRI,Coleville
73b23e3f,Bernard Newman,bernardnewman@kegular.com,20,male,KEGULAR,Gadsden
f06c6aff,Petty Cline,pettycline@blurrybus.com,22,male,BLURRYBUS,Sehili
86105826,Joseph Waters,josephwaters@irack.com,32,male,IRACK,Carbonville
f511ffea,Felecia Phillips,feleciaphillips@exoplode.com,34,female,EXOPLODE,Keyport
333bcade,Nettie Alvarez,nettiealvarez@recrisys.com,38,female,RECRISYS,Worton
b4a0002a,John Campos,johncampos@softmicro.com,21,female,SOFTMICRO,Century
62909add,Holloway Johnson,hollowayjohnson@translink.com,36,male,TRANSLINK,Jardine
a3bbd82c,Monica Dean,monicadean@norsul.com,40,female,NORSUL,Gwynn
f96fd4f9,Rachel Melton,rachelmelton@cytrex.com,32,female,CYTREX,Jenkinsville
0a5141f4,Molly Ward,mollyward@elita.com,29,female,ELITA,Blackgum
c08c94ad,Elena Chen,elenachen@xelegyl.com,35,female,XELEGYL,Cobbtown
f825a1a9,Johnston Brooks,johnstonbrooks@macronaut.com,27,male,MACRONAUT,Moscow
f6639bc5,Julie Sawyer,juliesawyer@photobin.com,22,female,PHOTOBIN,Gardiner
fdc7cb9f,Janell Lawrence,janelllawrence@geekmosis.com,33,female,GEEKMOSIS,Diaperville
8ab0ff99,Stefanie Callahan,stefaniecallahan@dragbot.com,24,female,DRAGBOT,Coral
9c6d4b13,Paige Booth,paigebooth@qiao.com,35,female,QIAO,Topaz
9ee30ab5,Riley Mcneil,rileymcneil@evidends.com,27,male,EVIDENDS,Vicksburg
1e16eb5a,Salazar Peck,salazarpeck@aquafire.com,27,male,AQUAFIRE,Waumandee
d174aa44,Jerri Baird,jerribaird@adornica.com,40,female,ADORNICA,Driftwood
29bc9e52,Haney Knox,haneyknox@interodeo.com,29,male,INTERODEO,Fairmount
a4a83b2b,Joyner Terrell,joynerterrell@bezal.com,27,male,BEZAL,Rehrersburg
626e4542,Maggie Burke,maggieburke@exodoc.com,40,female,EXODOC,Babb
2826a5e4,Atkinson Bass,atkinsonbass@housedown.com,37,male,HOUSEDOWN,Enlow
1410a4b6,Pearson Holman,pearsonholman@cedward.com,35,male,CEDWARD,Leming
a62fda14,Jenny Gordon,jennygordon@luxuria.com,22,female,LUXURIA,Corriganville
e0cb5cb1,Sosa Pope,sosapope@barkarama.com,25,male,BARKARAMA,Darbydale
983400fe,Morrison Bush,morrisonbush@pathways.com,36,male,PATHWAYS,Marne
d591ac14,Trudy Mcintyre,trudymcintyre@ebidco.com,20,female,EBIDCO,Walker
69dc4053,Anthony Kinney,anthonykinney@printspan.com,29,male,PRINTSPAN,Leola
adf06f14,Letitia Paul,letitiapaul@essensia.com,23,female,ESSENSIA,Brady
572c3aac,Baxter Pitts,baxterpitts@prosure.com,26,male,PROSURE,Glenshaw
5a32ab54,Tami Parsons,tamiparsons@assurity.com,33,female,ASSURITY,Brantleyville
f5220093,Loraine Battle,lorainebattle@isodrive.com,28,female,ISODRIVE,Norfolk
b8a56379,Veronica House,veronicahouse@futurity.com,24,female,FUTURITY,Carrsville
c58a04ba,Jacklyn Hampton,jacklynhampton@strezzo.com,26,female,STREZZO,Rodanthe
a3aaaca7,Gallegos Haley,gallegoshaley@combot.com,25,male,COMBOT,Ada
51d4eccc,Bobbie Franco,bobbiefranco@isopop.com,34,female,ISOPOP,Goodville
bcec2048,Clark Sheppard,clarksheppard@xsports.com,34,male,XSPORTS,Drummond
438aa150,Mendoza Shelton,mendozashelton@endipin.com,36,male,ENDIPIN,Greenfields
85e56d60,Roy Gates,roygates@ecolight.com,29,male,ECOLIGHT,Carlton
34bed47f,Webster Wells,websterwells@centregy.com,24,male,CENTREGY,Whitehaven
2b4e2e5e,Cristina Gallegos,cristinagallegos@sustenza.com,25,female,SUSTENZA,Soudan
38e3f4a8,Gross Norton,grossnorton@omnigog.com,39,male,OMNIGOG,Vernon
204758f2,Ramona Chaney,ramonachaney@telequiet.com,28,female,TELEQUIET,Gibbsville
4e2dd4ad,Isabelle Swanson,isabelleswanson@martgo.com,40,female,MARTGO,Newkirk
b19c9055,Edna Delacruz,ednadelacruz@overplex.com,35,female,OVERPLEX,Tetherow
3985af65,Patrica Cooke,patricacooke@ersum.com,34,female,ERSUM,Graniteville
d04d70e0,Juana Lindsay,juanalindsay@lunchpad.com,23,female,LUNCHPAD,Wacissa
18b16dac,Duncan Turner,duncanturner@geekfarm.com,30,male,GEEKFARM,Murillo
4c5b88bb,Armstrong Gentry,armstronggentry@xerex.com,30,male,XEREX,Muse
c484535a,Campbell Craig,campbellcraig@chorizon.com,28,male,CHORIZON,Rockingham
dedb6ab4,Candy Wade,candywade@corporana.com,21,female,CORPORANA,Fairfield
31d758a1,Robyn Mcdowell,robynmcdowell@diginetic.com,37,female,DIGINETIC,Lindcove
7c2bf45d,Tillman Coffey,tillmancoffey@hinway.com,40,male,HINWAY,Sidman
932968e0,Bartlett Nguyen,bartlettnguyen@miraclis.com,40,male,MIRACLIS,Brethren
38fd83ca,Montoya Atkinson,montoyaatkinson@coash.com,34,male,COASH,Dupuyer
90e47cf4,Gardner Sweeney,gardnersweeney@animalia.com,30,male,ANIMALIA,Vowinckel
1a286101,Jaime Dudley,jaimedudley@digifad.com,28,female,DIGIFAD,Grantville
eff8d62c,Shana Weiss,shanaweiss@recognia.com,33,female,RECOGNIA,Kohatk
feaf9861,Mai Maxwell,maimaxwell@moltonic.com,36,female,MOLTONIC,Veyo
b237fe89,Maddox Watts,maddoxwatts@earthmark.com,36,male,EARTHMARK,Brecon
9246e836,Mann Allison,mannallison@netplax.com,33,male,NETPLAX,Highland
cd1124cd,Sparks Decker,sparksdecker@earthpure.com,26,male,EARTHPURE,Cornucopia
55f398d1,Charity Herman,charityherman@geekology.com,21,female,GEEKOLOGY,Ticonderoga
ffa5deb4,Alvarez Bailey,alvarezbailey@flumbo.com,23,male,FLUMBO,Naomi
f9165414,Beatriz Francis,beatrizfrancis@aquazure.com,40,female,AQUAZURE,Winesburg
87f948a9,Tia Reese,tiareese@zilidium.com,32,female,ZILIDIUM,Summerfield
8f13e9db,Quinn Little,quinnlittle@otherway.com,29,male,OTHERWAY,Norwood
9f978d0f,Rena Goodwin,renagoodwin@confrenzy.com,24,female,CONFRENZY,Trinway
44e59ab9,Lorraine Walton,lorrainewalton@ontagene.com,25,female,ONTAGENE,Lynn
11ee4d28,Winifred Sosa,winifredsosa@genmom.com,37,female,GENMOM,Roland
fb864960,Morales Nixon,moralesnixon@zentix.com,25,male,ZENTIX,Fairview
e3b9820b,Nancy Evans,nancyevans@repetwire.com,29,female,REPETWIRE,Harborton
8097899d,Fletcher Copeland,fletchercopeland@tropoli.com,30,male,TROPOLI,Biehle
a5eb50f3,Kirby Stevens,kirbystevens@songlines.com,29,male,SONGLINES,Yorklyn
637b5d15,Hicks Berry,hicksberry@limozen.com,36,male,LIMOZEN,Valmy
e102f201,Ines Mccoy,inesmccoy@franscene.com,23,female,FRANSCENE,Loomis
dc768822,Rhea Macdonald,rheamacdonald@hometown.com,26,female,HOMETOWN,Greenock
c7f58106,Earnestine Gutierrez,earnestinegutierrez@cogentry.com,35,female,COGENTRY,Lodoga
e60ad257,Lola Barton,lolabarton@sultrax.com,37,female,SULTRAX,Norris
3e186e54,Farrell Russell,farrellrussell@buzzworks.com,30,male,BUZZWORKS,Nelson
9c2c7cd9,Pratt Mejia,prattmejia@eclipto.com,34,male,ECLIPTO,Devon
f155229e,Francine Williams,francinewilliams@remold.com,34,female,REMOLD,Nash
2bb1a5fa,Celeste Snyder,celestesnyder@digigen.com,20,female,DIGIGEN,Allensworth
5a709a21,Mosley Buckley,mosleybuckley@unq.com,40,male,UNQ,Maplewood
70ed63dc,Deidre Tate,deidretate@rockabye.com,30,female,ROCKABYE,Bluetown
08bfcd83,Latisha Moreno,latishamoreno@retrotex.com,30,female,RETROTEX,Elizaville
bc1ccf42,Simpson Garner,simpsongarner@centree.com,35,male,CENTREE,Churchill
a6bcf730,Stark Delgado,starkdelgado@gology.com,35,male,GOLOGY,Holtville
c6661590,Ila Barker,ilabarker@idealis.com,25,female,IDEALIS,Remington
de53faad,Melva Hodges,melvahodges@zytrac.com,38,female,ZYTRAC,Rosburg
c40bbe0c,Concetta Gallagher,concettagallagher@futurize.com,32,female,FUTURIZE,Allison
6f0e5079,Patterson Thomas,pattersonthomas@exosis.com,29,male,EXOSIS,Catherine
00989a5b,Mcknight Tillman,mcknighttillman@prismatic.com,33,male,PRISMATIC,Blodgett
2596e861,Stephenson Schwartz,stephensonschwartz@bittor.com,23,male,BITTOR,Colton
92fe4bf9,Alice Barron,alicebarron@corepan.com,22,female,COREPAN,Harmon
d853af74,Carmela Armstrong,carmelaarmstrong@fangold.com,38,female,FANGOLD,Jackpot
cd34a9d1,Conley Moore,conleymoore@katakana.com,27,male,KATAKANA,Onton
884619d5,Shelia Hoffman,sheliahoffman@signidyne.com,38,female,SIGNIDYNE,Dexter
5bb58e87,Adele Wilson,adelewilson@euron.com,22,female,EURON,Shepardsville
8d5d04ba,Burch Emerson,burchemerson@bytrex.com,23,male,BYTREX,Camptown
3a82ab96,Elma Dawson,elmadawson@sunclipse.com,38,female,SUNCLIPSE,Bangor
441bd487,Casandra Marks,casandramarks@olucore.com,33,female,OLUCORE,Elbert
a5174b72,Jenifer Massey,jenifermassey@futuris.com,35,female,FUTURIS,Foscoe
a93dadd6,Carey Ellis,careyellis@daycore.com,33,female,DAYCORE,Nescatunga
bea8c282,Cleveland Fuentes,clevelandfuentes@joviold.com,31,male,JOVIOLD,Ribera
81a44f2e,Woods Figueroa,woodsfigueroa@zillanet.com,30,male,ZILLANET,Adelino
cacc2871,Cobb Mccullough,cobbmccullough@qimonk.com,38,male,QIMONK,Efland
64549d0a,Boyd Nunez,boydnunez@panzent.com,31,male,PANZENT,Avalon
79858d47,Camacho Hicks,camachohicks@terascape.com,20,male,TERASCAPE,Wilmington
00ac8aa6,Mack Boyer,mackboyer@protodyne.com,23,male,PROTODYNE,Worcester
f7768df8,Rosanna Roy,rosannaroy@waab.com,32,female,WAAB,Terlingua
e4e2ed60,Deloris Ramsey,delorisramsey@pyrami.com,32,female,PYRAMI,Brooktrails
f4bb54d4,Ofelia Bentley,ofeliabentley@techmania.com,34,female,TECHMANIA,Fairlee
5b0936e6,Leigh Raymond,leighraymond@assistix.com,20,female,ASSISTIX,Calpine
9bf023ce,Terrell Estes,terrellestes@kraggle.com,40,male,KRAGGLE,Bend
ee577c04,Bentley Dodson,bentleydodson@brainquil.com,35,male,BRAINQUIL,Konterra
298a7a47,Claudette Craft,claudettecraft@geekola.com,35,female,GEEKOLA,Kieler
9de048da,Patsy Austin,patsyaustin@kidgrease.com,32,female,KIDGREASE,Ryderwood
3cb4dd6c,Faye Montgomery,fayemontgomery@bedder.com,40,female,BEDDER,Wakarusa
08536536,Oneal Owens,onealowens@quadeebo.com,20,male,QUADEEBO,Stockwell
06933e9d,Lupe Marsh,lupemarsh@savvy.com,20,female,SAVVY,Bloomington
33e2d1c1,Keller York,kelleryork@speedbolt.com,36,male,SPEEDBOLT,Libertytown
17d19e00,Lottie Schmidt,lottieschmidt@exostream.com,40,female,EXOSTREAM,Abiquiu
69b9a074,Sadie Burnett,sadieburnett@dyno.com,23,female,DYNO,Volta
278a688e,Ward Gilmore,wardgilmore@xumonk.com,28,male,XUMONK,Leroy
68ba861b,Mildred Grimes,mildredgrimes@vurbo.com,33,female,VURBO,Fruitdale
25aacdae,Sonya Harmon,sonyaharmon@xth.com,21,female,XTH,Frizzleburg
6a6fdeab,Reid Giles,reidgiles@plasmosis.com,39,male,PLASMOSIS,Guilford
ded5c148,Jocelyn Stark,jocelynstark@affluex.com,33,female,AFFLUEX,Ventress
ac7e789e,Soto Zimmerman,sotozimmerman@orbaxter.com,37,male,ORBAXTER,Dotsero
74ae78f3,Pollard Wiley,pollardwiley@lexicondo.com,25,male,LEXICONDO,Vivian
428b0aea,Socorro Boyd,socorroboyd@comtrak.com,38,female,COMTRAK,Yardville
5d2f1e54,Howell Greer,howellgreer@aquamate.com,24,male,AQUAMATE,Fannett
eee53e51,Weber Woodard,weberwoodard@hydrocom.com,33,male,HYDROCOM,Bison
be739bd4,Ruby Buchanan,rubybuchanan@injoy.com,37,female,INJOY,Watchtower
ccbaa28c,Harrell Petty,harrellpetty@perkle.com,21,male,PERKLE,Iberia
1a950418,Traci Richardson,tracirichardson@amtas.com,27,female,AMTAS,Belmont
8cdb8199,Amy Wall,amywall@gorganic.com,38,female,GORGANIC,Clara
fdd8958c,Delia Dickson,deliadickson@honotron.com,32,female,HONOTRON,Homeland
4f0834a8,Cash Morales,cashmorales@zillacom.com,27,male,ZILLACOM,Groveville
a158a5f2,Chang Parks,changparks@ziggles.com,29,male,ZIGGLES,Hiseville
e3bd84fd,Angelia Singleton,angeliasingleton@zensus.com,39,female,ZENSUS,Richmond
5148d870,Annie Mcgee,anniemcgee@equitox.com,32,female,EQUITOX,Caroleen
06effd8a,Cummings Long,cummingslong@quizka.com,29,male,QUIZKA,Veguita
c17e0cea,Lenora Hayes,lenorahayes@sybixtex.com,32,female,SYBIXTEX,Farmington
dde4be50,Charlotte Stanley,charlottestanley@mediot.com,25,female,MEDIOT,Snowville
0f7c929b,Chandra Foreman,chandraforeman@isologica.com,29,female,ISOLOGICA,Urbana
f4bccd15,Jayne Bird,jaynebird@trollery.com,28,female,TROLLERY,Tibbie
a0fe7963,Cherie Travis,cherietravis@frosnex.com,25,female,FROSNEX,Germanton
a4adf772,Gertrude Hodge,gertrudehodge@verbus.com,30,female,VERBUS,Delwood
b9f75f0f,Ashley Frost,ashleyfrost@combogene.com,29,female,COMBOGENE,Whitewater
0bb0d720,Helena Hewitt,helenahewitt@zerbina.com,39,female,ZERBINA,Woodburn
d0afe2b8,Sonia Gillespie,soniagillespie@cofine.com,38,female,COFINE,Ahwahnee
256de748,Alicia Cervantes,aliciacervantes@zizzle.com,29,female,ZIZZLE,Frank
5f91999e,Hawkins Crosby,hawkinscrosby@manglo.com,36,male,MANGLO,Saticoy
b6f08346,Klein Schneider,kleinschneider@pholio.com,24,male,PHOLIO,Freelandville
11a71760,Hollie Rodriquez,hollierodriquez@dymi.com,25,female,DYMI,Bayview
f4217107,Lucas Fry,lucasfry@kengen.com,36,male,KENGEN,Cresaptown
6e0398d2,Jane Chan,janechan@zuvy.com,22,female,ZUVY,Seymour
1d6856db,Contreras Contreras,contrerascontreras@ovation.com,33,male,OVATION,Sheatown
986fe5b0,Denise Alston,denisealston@tubesys.com,33,female,TUBESYS,Cataract
d7331fda,Mclaughlin Patel,mclaughlinpatel@nurali.com,21,male,NURALI,Glenville
7b849eb2,Bolton Schroeder,boltonschroeder@zogak.com,27,male,ZOGAK,Groton
50efb5ea,Debora Frye,deborafrye@extragen.com,39,female,EXTRAGEN,Stonybrook
de78e206,Meredith Johns,meredithjohns@klugger.com,33,female,KLUGGER,Clinton
f4ed2984,Silva Mcintosh,silvamcintosh@cognicode.com,26,male,COGNICODE,Oasis
fc40d927,April Hart,aprilhart@oatfarm.com,37,female,OATFARM,Springhill
9f4476b6,Bryan Miles,bryanmiles@exoteric.com,38,male,EXOTERIC,Tryon
21195a26,Millicent Mccray,millicentmccray@kinetica.com,27,female,KINETICA,Fidelis
8ea36b8b,Lee Daniel,leedaniel@viocular.com,24,female,VIOCULAR,Boling
9ad468d4,Chan Garcia,changarcia@ecstasia.com,36,male,ECSTASIA,Retsof
082a6faa,Glenda Whitaker,glendawhitaker@rooforia.com,21,female,ROOFORIA,Wikieup
cb05415d,Maude Mckinney,maudemckinney@webiotic.com,24,female,WEBIOTIC,Foxworth
5cb9c81d,Kristi Sutton,kristisutton@genekom.com,37,female,GENEKOM,Springdale
119b34ea,Delaney Graham,delaneygraham@remotion.com,27,male,REMOTION,Brownsville
9ccd669b,Martinez Madden,martinezmadden@vinch.com,28,male,VINCH,Clarence
b25bd9d4,Gould Mills,gouldmills@waterbaby.com,28,male,WATERBABY,Ronco
b4b1d7ef,Gutierrez Cook,gutierrezcook@obliq.com,21,male,OBLIQ,Makena
5cdce5f7,Brittany Moody,brittanymoody@gonkle.com,36,female,GONKLE,Northchase
997090d6,Lucille Hudson,lucillehudson@insectus.com,21,female,INSECTUS,Sultana
758cec2a,Brady Graves,bradygraves@valreda.com,37,male,VALREDA,Grandview
a37e0ed3,Adkins Maldonado,adkinsmaldonado@bostonic.com,34,male,BOSTONIC,Northridge
de5dd7cc,Caldwell Palmer,caldwellpalmer@andershun.com,27,male,ANDERSHUN,Gorst
c692b13b,Jeanne Oconnor,jeanneoconnor@plasmox.com,23,female,PLASMOX,Deputy
da5095c0,Brigitte Howe,brigittehowe@quiltigen.com,23,female,QUILTIGEN,Hanover
3cd0729a,Judy Cummings,judycummings@extro.com,36,female,EXTRO,Nord
390ef6e5,Tessa Lowe,tessalowe@zappix.com,31,female,ZAPPIX,Chical
defc6f6d,Oneil Romero,oneilromero@cinaster.com,40,male,CINASTER,Blende
a33436f7,Jannie Ayers,jannieayers@dancerity.com,22,female,DANCERITY,Trona
aa1aeed8,Joann Daugherty,joanndaugherty@enomen.com,29,female,ENOMEN,Ola
5fba3940,Robbins Flynn,robbinsflynn@enquility.com,26,male,ENQUILITY,Neibert
3b2d7881,Lillie Langley,lillielangley@fibrodyne.com,22,female,FIBRODYNE,Tyro
d1bfd77a,Carole Simpson,carolesimpson@plasto.com,21,female,PLASTO,Curtice
bcf46a1e,Patrice Guerrero,patriceguerrero@quintity.com,31,female,QUINTITY,Kerby
5a2923db,Warner Cortez,warnercortez@crustatia.com,26,male,CRUSTATIA,Fresno
92f9d20d,Staci Nichols,stacinichols@slumberia.com,31,female,SLUMBERIA,Caberfae
c2341366,Blair Pickett,blairpickett@talae.com,36,male,TALAE,Orviston
aa1447f5,Kerry Bridges,kerrybridges@comtour.com,26,female,COMTOUR,Hilltop
0e0b3b19,Ingrid Ray,ingridray@anarco.com,36,female,ANARCO,Limestone
487c84b3,Cantu Pena,cantupena@moreganic.com,32,male,MOREGANIC,Wawona
b503d56c,Georgina Price,georginaprice@mangelica.com,23,female,MANGELICA,Caln
cda424b7,Charlene Mullen,charlenemullen@boink.com,21,female,BOINK,Garberville
d88cfb27,Grace Calderon,gracecalderon@ultrasure.com,32,female,ULTRASURE,Felt
76295c98,Rosario Fuller,rosariofuller@lovepad.com,39,male,LOVEPAD,Fivepointville
dc9a56de,Coleman Rose,colemanrose@neurocell.com,26,male,NEUROCELL,Chicopee
8d2a282d,Toni Payne,tonipayne@isoswitch.com,28,female,ISOSWITCH,Winfred
be7f3f99,Mona Wynn,monawynn@supportal.com,22,female,SUPPORTAL,Chase
f60cd006,Bond Huff,bondhuff@parcoe.com,23,male,PARCOE,Islandia
6f698bc9,Pace Beasley,pacebeasley@marvane.com,21,male,MARVANE,Graball
2e532294,Fulton Dunn,fultondunn@insuron.com,25,male,INSURON,Dragoon
c389d09d,Susie Lester,susielester@quizmo.com,39,female,QUIZMO,Idamay
82367249,Alison Blackburn,alisonblackburn@kongene.com,21,female,KONGENE,Connerton
d43223c4,Esperanza Browning,esperanzabrowning@quonk.com,24,female,QUONK,Albany
0ca79d92,Moore Collins,moorecollins@deminimum.com,24,male,DEMINIMUM,Harrodsburg
648ad52f,Wendy Dalton,wendydalton@interloo.com,34,female,INTERLOO,Munjor
44b2be7f,Lillian Hardin,lillianhardin@gracker.com,24,female,GRACKER,Taft
8cc0c30e,Hall Padilla,hallpadilla@overfork.com,24,male,OVERFORK,Healy
2e4bd7b0,Ellis Chavez,ellischavez@cablam.com,25,male,CABLAM,Hollins
c0cd517a,Stanley Prince,stanleyprince@imant.com,22,male,IMANT,Gallina
7568daac,Forbes Bryant,forbesbryant@escenta.com,23,male,ESCENTA,Imperial
7ec6a0a0,Holt Tyler,holttyler@tubalum.com,34,male,TUBALUM,Sunwest
b9fbf1e8,Elvia Horton,elviahorton@isbol.com,25,female,ISBOL,Maxville
3253bf70,Wilma Forbes,wilmaforbes@valpreal.com,39,female,VALPREAL,Dawn
afa4c854,Holly Cooley,hollycooley@eschoir.com,39,female,ESCHOIR,Baker
49d5e886,Kelsey Tran,kelseytran@nexgene.com,30,female,NEXGENE,Morgandale
5ba49a40,Park Hall,parkhall@zilla.com,33,male,ZILLA,Maybell
fae88867,English Santos,englishsantos@imaginart.com,35,male,IMAGINART,Strykersville
197078ab,Witt Wilkinson,wittwilkinson@fitcore.com,29,male,FITCORE,Cuylerville
3832fa87,Lois Simon,loissimon@accidency.com,30,female,ACCIDENCY,Fairforest
81627537,Casey Day,caseyday@shadease.com,30,male,SHADEASE,Hiwasse
55cd1256,Myrtle Kane,myrtlekane@decratex.com,32,female,DECRATEX,Malo
65b798ea,Galloway Hogan,gallowayhogan@sarasonic.com,27,male,SARASONIC,Wyano
425ababd,Alyson Howard,alysonhoward@sulfax.com,38,female,SULFAX,Cetronia
7d76c448,Wanda Riddle,wandariddle@avit.com,36,female,AVIT,Virgie
c81b8295,Elisa Stein,elisastein@quarex.com,27,female,QUAREX,Edgar
eb2ecbad,Tonya Robbins,tonyarobbins@stralum.com,30,female,STRALUM,Townsend
a64d0fcc,Sallie Sharpe,salliesharpe@entogrok.com,21,female,ENTOGROK,Cowiche
3f0dff77,Martina Mathis,martinamathis@radiantix.com,28,female,RADIANTIX,Martell
710a0386,Villarreal Boone,villarrealboone@kyagoro.com,33,male,KYAGORO,Orason
e9a5a0dc,Deann Irwin,deannirwin@danja.com,33,female,DANJA,Strong
38b3e0d7,Kara Wilcox,karawilcox@kaggle.com,25,female,KAGGLE,Fredericktown
8f832c76,Michael Morse,michaelmorse@comtract.com,26,male,COMTRACT,Belfair
3c939a8b,May Mcknight,maymcknight@wrapture.com,30,male,WRAPTURE,Siglerville
0919a7f5,Marcy Dale,marcydale@miracula.com,29,female,MIRACULA,Winchester
72333110,Holden Rowland,holdenrowland@zinca.com,30,male,ZINCA,Ilchester
16dae368,Cooke Thornton,cookethornton@biohab.com,24,male,BIOHAB,Hampstead
1a3cf11f,Kaye Fitzgerald,kayefitzgerald@skinserve.com,35,female,SKINSERVE,Abrams
fb433c2c,Abby Valenzuela,abbyvalenzuela@nimon.com,37,female,NIMON,Loretto
2c0ab37d,Mcgee Haney,mcgeehaney@voratak.com,24,male,VORATAK,Snelling
c5b7a6ff,Darcy Cox,darcycox@jimbies.com,25,female,JIMBIES,Moraida
4588fbfb,Petra Wong,petrawong@pulze.com,23,female,PULZE,Rose
a28c069d,Kasey Key,kaseykey@geeknet.com,22,female,GEEKNET,Brule
2438a677,Shelley Whitney,shelleywhitney@vertide.com,36,female,VERTIDE,Gouglersville
d9a1e650,Johanna Sharp,johannasharp@slambda.com,36,female,SLAMBDA,Freeburn
a9d2dbfd,Castaneda Keller,castanedakeller@telpod.com,20,male,TELPOD,Lowgap
ace1661b,Jillian Lott,jillianlott@silodyne.com,40,female,SILODYNE,Mapletown
35a42073,Olson Hood,olsonhood@accruex.com,20,male,ACCRUEX,Waverly
ebf6803f,Keisha Chapman,keishachapman@zentia.com,33,female,ZENTIA,Robbins
22221f92,Kent Valdez,kentvaldez@portaline.com,32,male,PORTALINE,Hachita
5c1ff61a,Lott Stephens,lottstephens@velos.com,24,male,VELOS,Sandston
3fc60745,Pansy Mcdaniel,pansymcdaniel@rockyard.com,34,female,ROCKYARD,Gordon
f5e1f089,Janie Norman,janienorman@fuelworks.com,28,female,FUELWORKS,Longbranch
d60a1780,Amanda Ratliff,amandaratliff@kiggle.com,37,female,KIGGLE,Sisquoc
1e54032c,Mooney Molina,mooneymolina@bluegrain.com,38,male,BLUEGRAIN,Layhill
dc40c105,Hensley Castro,hensleycastro@geeketron.com,40,male,GEEKETRON,Washington
a5c6d5ab,Casey Hutchinson,caseyhutchinson@geekular.com,35,female,GEEKULAR,Bagtown
a33a0ae6,Harvey Estrada,harveyestrada@accupharm.com,28,male,ACCUPHARM,Cliff
4c75db8f,Bray Diaz,braydiaz@trasola.com,32,male,TRASOLA,Leland
b707eae4,Nichole Ware,nicholeware@krog.com,24,female,KROG,Dola
e2844785,Hamilton Meyers,hamiltonmeyers@organica.com,23,male,ORGANICA,Glidden
ede83ea7,Stevenson Sims,stevensonsims@amril.com,21,male,AMRIL,Edneyville
0c2cd35d,Mable Cross,mablecross@stelaecor.com,27,female,STELAECOR,Walton
b7de298b,Farmer Carlson,farmercarlson@austex.com,36,male,AUSTEX,Wadsworth
389e26a7,Horton Roth,hortonroth@isosure.com,21,male,ISOSURE,Garnet
d0a8bcb0,Maxwell Clements,maxwellclements@gushkool.com,37,male,GUSHKOOL,Newry
47257243,Newman White,newmanwhite@xoggle.com,25,male,XOGGLE,Stagecoach
4768396a,Daniel Kirby,danielkirby@newcube.com,22,male,NEWCUBE,Mulino
f45ece55,Cohen Mckee,cohenmckee@polarax.com,31,male,POLARAX,Sardis
ee7bc14c,Bridges Lucas,bridgeslucas@medmex.com,35,male,MEDMEX,Harviell
70a2162f,Church Beach,churchbeach@terragen.com,20,male,TERRAGEN,Bath
e108ab10,Eleanor Gould,eleanorgould@unisure.com,34,female,UNISURE,Buxton
5d931b76,Elvira Mays,elviramays@steeltab.com,30,female,STEELTAB,Jacksonwald
20ef6138,Lessie Shepherd,lessieshepherd@eargo.com,33,female,EARGO,Bergoo
db5b7321,Yesenia Carpenter,yeseniacarpenter@handshake.com,32,female,HANDSHAKE,Rosedale
915dad50,Dionne Woodward,dionnewoodward@buzzmaker.com,31,female,BUZZMAKER,Ladera
90c25006,Lea Blevins,leablevins@nikuda.com,28,female,NIKUDA,Tuskahoma
c3e57158,Francisca Bullock,franciscabullock@glasstep.com,33,female,GLASSTEP,Eastmont
304a55eb,Lindsey Bowman,lindseybowman@locazone.com,35,female,LOCAZONE,Crucible
de666014,Leach Huber,leachhuber@jamnation.com,36,male,JAMNATION,Linganore
12972a5a,Camille Barrera,camillebarrera@imkan.com,32,female,IMKAN,Coaldale
27c2dcc9,Hammond Glenn,hammondglenn@zanity.com,40,male,ZANITY,Hessville
d95b6323,Melody Coleman,melodycoleman@neptide.com,33,female,NEPTIDE,Waukeenah
f03c5f1c,Marlene Maynard,marlenemaynard@acusage.com,22,female,ACUSAGE,Ivanhoe
bb17c13f,Hobbs Acevedo,hobbsacevedo@gink.com,37,male,GINK,Statenville
496cf4a1,Rocha Powers,rochapowers@netbook.com,30,male,NETBOOK,Waikele
af85bde6,Carrie Humphrey,carriehumphrey@omatom.com,22,female,OMATOM,Hayden
55b8cb34,Sybil Rice,sybilrice@cosmosis.com,35,female,COSMOSIS,Sparkill
98a16106,Kim Hester,kimhester@bolax.com,25,female,BOLAX,Conestoga
6745f35f,Macdonald Berg,macdonaldberg@quonata.com,32,male,QUONATA,Dunbar
ea8ad75e,Judith Stokes,judithstokes@thredz.com,20,female,THREDZ,Sanford
b51a6a95,Lakeisha Hancock,lakeishahancock@schoolio.com,25,female,SCHOOLIO,Dahlen
d6cb10af,Allyson Albert,allysonalbert@vantage.com,23,female,VANTAGE,Floriston
2a6948a4,Erma Bryan,ermabryan@petigems.com,22,female,PETIGEMS,Weeksville
9f2880f6,Beatrice Mclaughlin,beatricemclaughlin@homelux.com,29,female,HOMELUX,Lafferty
c09ac825,Mamie Rutledge,mamierutledge@acruex.com,26,female,ACRUEX,Kansas
39413e89,Dawn Berger,dawnberger@primordia.com,40,female,PRIMORDIA,Berlin
aae8ac1e,Hubbard Vaughan,hubbardvaughan@freakin.com,32,male,FREAKIN,Lacomb
30958ef8,Bethany Odonnell,bethanyodonnell@securia.com,24,female,SECURIA,Soham
139a8a72,Stevens Herring,stevensherring@enerforce.com,33,male,ENERFORCE,Lithium
614b5a41,Weeks Olsen,weeksolsen@zboo.com,25,male,ZBOO,Boonville
e4706860,Williamson Solomon,williamsonsolomon@xurban.com,28,male,XURBAN,Somerset
db83acc9,Carey Velasquez,careyvelasquez@suretech.com,38,male,SURETECH,Beaverdale
e491cca9,Graham Santiago,grahamsantiago@iplax.com,40,male,IPLAX,Hondah
479bbfc1,Anastasia Pierce,anastasiapierce@uberlux.com,26,female,UBERLUX,Cressey
78266684,Berry Villarreal,berryvillarreal@darwinium.com,22,male,DARWINIUM,Frystown
fd0838d8,Delores Espinoza,deloresespinoza@zoarere.com,31,female,ZOARERE,Datil
4945579e,Ella Silva,ellasilva@architax.com,34,female,ARCHITAX,Ebro
4d56f56c,Marguerite Salazar,margueritesalazar@paprikut.com,31,female,PAPRIKUT,Wolcott
bd013582,Cannon Harvey,cannonharvey@equicom.com,40,male,EQUICOM,Bancroft
d4aa41ce,Suzanne Walters,suzannewalters@myopium.com,28,female,MYOPIUM,Movico
34db5b08,Guerra Kramer,guerrakramer@codact.com,27,male,CODACT,Fontanelle
e274c5d7,Stanton Lyons,stantonlyons@enersol.com,25,male,ENERSOL,Weogufka
91e9b0d8,Bright Byrd,brightbyrd@deviltoe.com,34,male,DEVILTOE,Dundee
0737dc7f,Lloyd Crawford,lloydcrawford@zounds.com,29,male,ZOUNDS,Chilton
ce959147,Ursula Edwards,ursulaedwards@isoplex.com,33,female,ISOPLEX,Hackneyville
bb4cf50c,Meyers Mack,meyersmack@gluid.com,39,male,GLUID,Noblestown
ee0d2565,Mcfadden Faulkner,mcfaddenfaulkner@mobildata.com,33,male,MOBILDATA,Kilbourne
2f336298,Leola Brennan,leolabrennan@zytrex.com,31,female,ZYTREX,Morningside
57c0c2d8,Felicia Carver,feliciacarver@earbang.com,29,female,EARBANG,Darrtown
7c7bd83d,Vivian Case,viviancase@micronaut.com,23,female,MICRONAUT,Kempton
ef4c3f58,Singleton Phelps,singletonphelps@frenex.com,21,male,FRENEX,Manchester
56f7c844,Ann Baldwin,annbaldwin@zaj.com,32,female,ZAJ,Greer
1ed20e07,Lamb Gibbs,lambgibbs@talkalot.com,30,male,TALKALOT,Faywood
9d27b74c,Antonia Guzman,antoniaguzman@portico.com,38,female,PORTICO,Barrelville
c04b7026,Dolly Mayer,dollymayer@acrodance.com,38,female,ACRODANCE,Dixonville
a4805f90,Benita Blanchard,benitablanchard@polarium.com,34,female,POLARIUM,Sattley
57b06a54,Baker Hawkins,bakerhawkins@medesign.com,37,male,MEDESIGN,Grayhawk
a8358cf4,Sutton Dotson,suttondotson@portalis.com,31,male,PORTALIS,Brownlee
06ad0286,Wilcox Ramirez,wilcoxramirez@orbin.com,28,male,ORBIN,Chamizal
29102e5a,Mueller Bruce,muellerbruce@qualitex.com,37,male,QUALITEX,Celeryville
c5b76951,Jana Nolan,jananolan@zidox.com,39,female,ZIDOX,Chesapeake
73b3341e,Sampson Bradley,sampsonbradley@talkola.com,22,male,TALKOLA,Brookfield
d5cae0bf,Guadalupe Spencer,guadalupespencer@mantro.com,27,female,MANTRO,Camino
6c678519,Holland Barnett,hollandbarnett@enthaze.com,39,male,ENTHAZE,Madaket
8fb8df4b,Merle Garrison,merlegarrison@anacho.com,29,female,ANACHO,Rosewood
1b88deb9,Alba Rios,albarios@imperium.com,20,female,IMPERIUM,Marshall
964856fe,Elsa Page,elsapage@rameon.com,29,female,RAMEON,Smock
3e00877f,Sherrie Rojas,sherrierojas@menbrain.com,36,female,MENBRAIN,Cloverdale
419f26ae,Goldie Le,goldiele@prosely.com,31,female,PROSELY,Wiscon
d5d5cd50,Clemons Butler,clemonsbutler@datacator.com,39,male,DATACATOR,Echo
9c23b14b,Frederick Cash,frederickcash@kenegy.com,21,male,KENEGY,Swartzville
a1d68d7a,Terrie Miller,terriemiller@zentury.com,39,female,ZENTURY,Machias
cef964db,Mcintyre Golden,mcintyregolden@comcubine.com,21,male,COMCUBINE,Valle
450f47ee,Francesca Monroe,francescamonroe@andryx.com,36,female,ANDRYX,Englevale
bdca2255,Neal Vega,nealvega@junipoor.com,20,male,JUNIPOOR,Olney
3ad98210,Guzman Suarez,guzmansuarez@kidstock.com,35,male,KIDSTOCK,Stouchsburg
279da55c,Hickman Sherman,hickmansherman@xixan.com,34,male,XIXAN,Wintersburg
3865d39a,Lucile Logan,lucilelogan@intrawear.com,20,female,INTRAWEAR,Tioga
01191dff,Stein Vance,steinvance@comveyor.com,39,male,COMVEYOR,Suitland
357a1f12,Tammy Hunt,tammyhunt@geekus.com,34,female,GEEKUS,Omar
eb05de2c,Morton Ramos,mortonramos@genmex.com,29,male,GENMEX,Verdi
4dbf83c9,Tammi Salas,tammisalas@dognosis.com,24,female,DOGNOSIS,Coyote
34762b97,Marquez Mendez,marquezmendez@zillactic.com,40,male,ZILLACTIC,Matthews
f46a1468,Bradshaw Snider,bradshawsnider@netropic.com,37,male,NETROPIC,Elrama
23bb3baa,Avila Jennings,avilajennings@turnling.com,39,male,TURNLING,Masthope
ad037e4b,Consuelo Rosario,consuelorosario@xymonk.com,28,female,XYMONK,Bradenville
7db1e3ab,Ruthie Hartman,ruthiehartman@fishland.com,25,female,FISHLAND,Freetown
cc3be307,Nola Hansen,nolahansen@comvey.com,39,female,COMVEY,Hillsboro
